date;aerosols;blue;green;red;re1;re2;re3;nir;nir2;watervapor;swir1;swir2;cloud;sat
2020-01-04;0.0078;0.0049;0.0165;0.0218;0.0423;0.116;0.1369;0.1376;0.159;0.046;0.0752;0.058;194;s2
2020-01-09;0.0033;-8e-04;0.0108;0.0142;0.0417;0.1238;0.1475;0.1482;0.1666;0.0363;0.0661;0.047;196;s2
2020-01-14;-0.0027;-0.0023;0.0058;0.0055;0.0205;0.0811;0.094;0.1031;0.11;0.0559;0.0388;0.0175;192;s2
2020-01-19;0.0012;-0.0026;0.0058;0.006;0.0244;0.088;0.1085;0.1087;0.117;0.0692;0.0392;0.0182;192;s2
2020-01-29;-0.0139;-0.0113;0.003;0.0023;0.0232;0.0876;0.1059;0.1148;0.124;0.062;0.0385;0.0181;192;s2
2020-02-03;-0.0067;-0.0052;0.0091;0.0097;0.0287;0.1047;0.1348;0.1356;0.1504;0.0386;0.0559;0.0281;192;s2
2020-02-08;-0.0028;-0.0024;0.0092;0.0083;0.0252;0.0876;0.1062;0.1083;0.1223;0.06;0.0434;0.0204;128;s2
2020-02-13;-8e-04;-1e-04;0.0121;0.0125;0.0295;0.089;0.1092;0.1137;0.1247;0.0601;0.052;0.0308;192;s2
2020-02-18;0.0011;-0.0018;0.0109;0.0088;0.0288;0.0925;0.1123;0.1179;0.1247;0.071;0.0464;0.0219;192;s2
2020-02-23;0.3933;0.4117;0.4346;0.4356;0.4495;0.4796;0.4857;0.4983;0.4996;0.198;0.4148;0.3502;130;s2
2020-02-28;6e-04;-8e-04;0.012;0.0115;0.0309;0.0932;0.1141;0.1168;0.1253;0.0837;0.0479;0.0244;192;s2
2020-03-04;0.0246;-0.0144;-0.0074;-0.0138;0.0135;0.1091;0.1289;0.1337;0.1455;0.033;-0.0075;0.0024;208;s2
2020-03-09;0.3662;0.3111;0.3244;0.3236;0.3465;0.4083;0.418;0.4035;0.4226;0.1889;0.0979;0.0997;66;s2
2020-03-24;0.0322;0.0345;0.0553;0.0676;0.088;0.1405;0.1592;0.1734;0.1843;0.1312;0.1488;0.129;194;s2
2020-03-29;0.4235;0.2461;0.3065;0.3493;0.3818;0.4132;0.4243;0.3357;0.4308;0.298;0.3516;0.3095;130;s2
2020-04-03;-0.0402;-0.0657;-0.0551;-0.0519;-0.0359;0.0091;0.0281;0.0187;0.0407;-0.0103;0.0139;0.0195;200;s2
2020-04-08;7e-04;6e-04;0.0186;0.0156;0.039;0.1066;0.1314;0.1364;0.1458;0.0879;0.0657;0.0342;128;s2
2020-04-23;0.006;0.0081;0.0238;0.0232;0.0409;0.11;0.133;0.1419;0.1501;0.0655;0.0824;0.045;128;s2
2020-05-03;0.0063;0.0095;0.0251;0.0233;0.045;0.1139;0.1365;0.1455;0.1526;0.0921;0.0835;0.0448;128;s2
2020-05-08;0.0256;0.0091;0.0378;0.0413;0.0607;0.127;0.1538;0.1397;0.1663;0.0446;0.1019;0.0747;194;s2
2020-05-18;0.0337;0.0255;0.0402;0.0472;0.0836;0.1661;0.1963;0.194;0.2164;0.0693;0.1207;0.0877;194;s2
2020-05-23;0.0115;0.0153;0.0323;0.0284;0.053;0.1212;0.1498;0.1528;0.1652;0.0391;0.0936;0.0493;64;s2
2020-05-28;0.8698;0.8233;0.8263;0.8033;0.8293;0.8315;0.8333;0.8333;0.8289;0.6105;0.6358;0.5095;194;s2
2020-06-02;0.0419;0.0599;0.1296;0.1598;0.181;0.2716;0.3011;0.2792;0.3153;0.0872;0.2677;0.1908;194;s2
2020-06-12;0.0099;0.0118;0.0309;0.0264;0.0522;0.1301;0.1561;0.1598;0.1744;0.0482;0.0951;0.0484;68;s2
2020-06-17;0.5248;0.4904;0.4959;0.4802;0.4972;0.5242;0.5402;0.529;0.5448;0.2486;0.4341;0.347;194;s2
2020-06-22;0.0131;0.0149;0.0336;0.0297;0.057;0.132;0.1577;0.1588;0.1759;0.0575;0.1051;0.0569;68;s2
2020-06-27;0.0115;0.0152;0.0345;0.0305;0.0591;0.1456;0.1744;0.1765;0.1926;0.0377;0.1028;0.0515;128;s2
2020-07-02;0.5628;0.5907;0.5963;0.5794;0.5972;0.6138;0.6114;0.6364;0.6029;0.3294;0.5011;0.3536;194;s2
2020-07-07;0.011;0.0169;0.0341;0.0318;0.0555;0.1336;0.1577;0.1641;0.1757;0.07;0.0992;0.0554;68;s2
2020-07-12;0.0103;0.0137;0.0306;0.0271;0.0525;0.1261;0.153;0.1585;0.1702;0.0623;0.0938;0.0493;64;s2
2020-07-17;0.0179;0.0285;0.0446;0.0445;0.0604;0.1143;0.1344;0.1439;0.1475;0.0522;0.1063;0.0784;200;s2
2020-07-22;0.8048;0.7641;0.7914;0.7909;0.7992;0.7855;0.7815;0.7663;0.7685;0.5228;0.4591;0.3119;194;s2
2020-07-27;0.0091;0.0119;0.0309;0.0261;0.0503;0.1414;0.1697;0.1678;0.1942;0.0312;0.0958;0.0486;196;s2
2020-08-01;0.0104;0.0108;0.0261;0.0221;0.0419;0.1146;0.1426;0.1403;0.1579;0.0449;0.0874;0.0445;64;s2
2020-08-06;0.0092;0.0143;0.0319;0.0286;0.0517;0.1256;0.1526;0.1549;0.1695;0.0325;0.0965;0.0488;64;s2
2020-08-11;0.0088;0.0109;0.027;0.0227;0.0417;0.1164;0.1465;0.1461;0.1637;0.0324;0.0859;0.0427;64;s2
2020-08-16;0.0094;0.0113;0.0286;0.0252;0.0467;0.1273;0.1601;0.1581;0.176;0.0309;0.0911;0.0432;128;s2
2020-08-21;0.008;0.0096;0.0257;0.0224;0.0419;0.1094;0.1407;0.1404;0.1577;0.0299;0.085;0.0416;64;s2
2020-08-26;0.0135;0.0172;0.0376;0.0351;0.0582;0.1361;0.1648;0.172;0.1855;0.0514;0.0966;0.0637;194;s2
2020-09-05;0.008;0.0138;0.0323;0.0293;0.0486;0.1201;0.1489;0.1539;0.164;0.0408;0.0913;0.0518;64;s2
2020-09-10;0.0152;0.0258;0.0598;0.0552;0.0859;0.1955;0.2423;0.2418;0.2639;0.0407;0.1698;0.1101;194;s2
2020-09-15;0.0082;0.0153;0.0299;0.0297;0.0469;0.1154;0.1377;0.1448;0.1563;0.0394;0.089;0.0458;64;s2
2020-09-20;0.0103;0.0088;0.0235;0.0195;0.0386;0.1092;0.1348;0.1346;0.1546;0.0208;0.0783;0.0391;192;s2
2020-09-25;1.0943;1.005;1.0034;0.9567;0.9722;0.964;0.9601;0.9269;0.9356;0.7988;0.1697;0.213;194;s2
2020-09-30;0.0067;0.0064;0.0198;0.0179;0.036;0.0961;0.1205;0.1218;0.1358;0.044;0.0672;0.0338;64;s2
2020-10-10;0.0077;0.0079;0.0205;0.0187;0.0367;0.0978;0.1229;0.1248;0.1401;0.0334;0.0711;0.0355;128;s2
2020-10-20;0.01;0.0114;0.0272;0.0291;0.0539;0.1285;0.1584;0.1561;0.1763;0.0595;0.0915;0.0606;194;s2
2020-10-25;0.0036;0.0093;0.0256;0.0193;0.0395;0.1021;0.1211;0.1275;0.1369;0.027;0.0612;0.0302;208;s2
2020-10-30;0.0047;0.007;0.0168;0.016;0.034;0.0886;0.112;0.1123;0.1275;0.026;0.0654;0.0318;136;s2
2020-11-04;0.8725;0.8468;0.8307;0.8021;0.8022;0.7963;0.7913;0.7713;0.7766;0.3305;0.3877;0.2498;194;s2
2020-11-09;0.0053;0.0027;0.0146;0.0186;0.0324;0.083;0.0967;0.0994;0.1206;0.0464;0.0604;0.0338;132;s2
2020-11-14;-4e-04;0.002;0.0127;0.0146;0.0288;0.0746;0.0914;0.0938;0.1033;0.0338;0.0499;0.0266;64;s2
2020-11-19;0.003;0.0025;0.0108;0.0123;0.0274;0.0799;0.0983;0.1016;0.1112;0.0395;0.0526;0.0259;64;s2
2020-11-24;0.0035;0.0032;0.0139;0.0131;0.0307;0.0843;0.1053;0.1107;0.1228;0.0524;0.0537;0.0261;64;s2
2020-11-29;0.0016;0.0025;0.0124;0.0117;0.0287;0.0774;0.0953;0.1011;0.1155;0.0498;0.0523;0.0244;64;s2
2020-12-04;1.2287;1.1283;1.1191;1.0995;1.1235;1.1228;1.128;1.0277;1.1079;0.5279;0.6136;0.4828;194;s2
2020-12-19;0.0145;0.0128;0.0129;0.0077;0.0302;0.1054;0.1257;0.1314;0.1417;0.0305;0.0379;0.0194;208;s2
2020-12-29;0.1477;-0.0368;-0.0458;0.0235;0.0568;0.1003;0.1168;0.0485;0.1361;-0.0511;0.0311;0.0577;194;s2
2021-01-03;1.0212;1.0203;1.0409;1.0294;1.0474;1.0506;1.0373;0.9994;1.007;0.492;0.6272;0.487;194;s2
2021-01-08;0.0274;0.0026;-0.003;-0.0148;0.0092;0.1097;0.1451;0.1525;0.1647;0.0029;-0.0214;-5e-04;208;s2
2021-01-13;0.7515;0.6493;0.6432;0.6251;0.6464;0.6571;0.6556;0.6227;0.6544;0.4552;0.3584;0.3226;194;s2
2021-01-18;0.2974;0.1221;0.1769;0.2285;0.2779;0.3445;0.3697;0.244;0.392;0.1853;0.1696;0.2138;66;s2
2021-02-02;0.0683;-0.0049;0.0477;0.0804;0.0939;0.1516;0.1723;0.1347;0.1878;0.0365;0.0519;0.0594;194;s2
2021-02-12;0.0013;0.0156;0.0257;0.0207;0.0427;0.1225;0.1396;0.1481;0.1514;0.0671;0.033;0.0191;208;s2
2021-02-17;-0.0114;0.0057;0.0214;0.0227;0.0423;0.1109;0.1304;0.1347;0.141;0.0543;0.0352;0.0189;208;s2
2021-02-22;-0.0105;0.0101;0.0289;0.0282;0.0491;0.1185;0.1385;0.1513;0.1506;0.0508;0.0348;0.02;208;s2
2021-02-27;0.4429;0.406;0.4214;0.4153;0.4245;0.4416;0.4404;0.4304;0.437;0.2024;0.2959;0.2768;194;s2
2021-03-04;0.4985;0.478;0.4853;0.4718;0.4984;0.5285;0.5286;0.5153;0.5207;0.3611;0.2087;0.2046;194;s2
2021-03-09;0.0104;0.0257;0.0406;0.0408;0.063;0.1361;0.1539;0.1568;0.1659;0.0473;0.0456;0.026;208;s2
2021-03-19;0.0467;0.0621;0.0801;0.0859;0.1272;0.215;0.2364;0.2475;0.2578;0.1178;0.0918;0.0706;194;s2
2021-03-24;-0.0011;0.016;0.0359;0.0375;0.0637;0.1221;0.1487;0.1509;0.1544;0.0606;0.057;0.0339;208;s2
2021-03-29;0.0286;0.0214;0.0417;0.064;0.0959;0.1601;0.1878;0.1875;0.2111;0.0799;0.1147;0.0899;194;s2
2021-04-03;0.0052;0.0113;0.0309;0.0317;0.0536;0.1107;0.133;0.1433;0.1491;0.0835;0.0938;0.0569;192;s2
2021-04-08;0.0082;0.013;0.0276;0.0297;0.0511;0.1044;0.1305;0.1363;0.144;0.085;0.0957;0.0566;128;s2
2021-04-18;0.6483;0.5783;0.5795;0.5675;0.5951;0.6122;0.6169;0.6023;0.6283;0.4845;0.4618;0.4154;194;s2
2021-04-23;0.0102;0.0165;0.0339;0.037;0.0614;0.1216;0.1424;0.1564;0.1599;0.0845;0.1056;0.0675;128;s2
2021-04-28;0.0317;0.0926;0.1167;0.116;0.1141;0.137;0.136;0.1681;0.1327;0.0104;0.1393;0.0787;194;s2
2021-05-03;0.6242;0.5758;0.5947;0.5829;0.6019;0.6074;0.6114;0.6265;0.6211;0.5458;0.4622;0.3917;194;s2
2021-05-08;0.0107;0.0168;0.0354;0.035;0.055;0.1199;0.1422;0.1546;0.1636;0.0626;0.1088;0.0635;140;s2
2021-05-13;0.7398;0.742;0.724;0.6914;0.699;0.6977;0.6968;0.7236;0.689;0.4413;0.4663;0.3413;194;s2
2021-05-18;0.3622;0.0053;0.0568;0.1097;0.1936;0.2695;0.3211;0.1341;0.3585;0.2633;0.2183;0.2112;66;s2
2021-05-23;0.126;0.1401;0.1511;0.1643;0.1836;0.2185;0.2366;0.2426;0.2555;0.0991;0.1414;0.1196;194;s2
2021-05-28;0.0107;0.0126;0.0309;0.0273;0.0542;0.1249;0.1519;0.1566;0.1704;0.0665;0.0956;0.0547;128;s2
2021-06-02;0.0163;0.0221;0.0458;0.043;0.0716;0.1599;0.1888;0.199;0.2098;0.0588;0.1298;0.0734;192;s2
2021-06-12;0.014;0.0312;0.052;0.0405;0.0744;0.1651;0.1931;0.2038;0.214;0.0668;0.1176;0.0692;192;s2
2021-06-17;0.013;0.0172;0.0393;0.0331;0.0568;0.1487;0.1796;0.1833;0.1995;0.0356;0.1094;0.0563;128;s2
2021-06-22;0.0131;0.0183;0.0407;0.0348;0.0671;0.1669;0.2031;0.2067;0.225;0.0536;0.1197;0.0671;196;s2
2021-06-27;0.0092;0.0145;0.0335;0.0274;0.0492;0.1345;0.1678;0.167;0.186;0.0414;0.0946;0.0477;128;s2
2021-07-02;0.6025;0.6238;0.6343;0.6242;0.6401;0.6539;0.6575;0.6618;0.6544;0.3945;0.5334;0.4412;194;s2
2021-07-07;0.0051;0.0134;0.0395;0.0316;0.0595;0.1681;0.2062;0.2112;0.2313;0.0456;0.117;0.0612;200;s2
2021-07-12;0.0126;0.0179;0.0416;0.0345;0.0609;0.1604;0.1967;0.2007;0.2162;0.0392;0.1106;0.0609;132;s2
2021-07-22;0.0079;0.0121;0.0377;0.0319;0.0608;0.1631;0.2018;0.1982;0.2151;0.0269;0.106;0.0543;192;s2
2021-07-27;0.2281;0.3248;0.3331;0.2736;0.2738;0.2952;0.2947;0.3934;0.3023;0.1099;0.2583;0.1924;130;s2
2021-08-01;1.0898;1.0448;1.0416;0.9961;1.0092;0.9974;0.9891;0.9817;0.964;0.8872;0.2612;0.3107;194;s2
2021-08-06;0.4333;0.4318;0.4612;0.4665;0.4944;0.5403;0.5563;0.5568;0.5732;0.3058;0.5151;0.4438;130;s2
2021-08-11;0.0083;0.0146;0.0345;0.0291;0.0565;0.1542;0.1898;0.1909;0.2124;0.0457;0.1021;0.0541;192;s2
2021-08-16;0.0076;0.01;0.0276;0.0218;0.042;0.1327;0.1716;0.1735;0.1935;0.0154;0.0895;0.0424;192;s2
2021-08-21;0.0117;0.0147;0.0337;0.0274;0.0517;0.1436;0.1763;0.1802;0.1934;0.0284;0.0947;0.0468;192;s2
2021-08-26;0.0082;0.0123;0.0289;0.024;0.0426;0.1266;0.1567;0.1648;0.1774;0.0443;0.0822;0.0419;64;s2
2021-08-31;0.0226;0.001;0.0243;0.038;0.0787;0.1919;0.2325;0.1956;0.2541;0.0498;0.1354;0.0779;200;s2
2021-09-05;0.0066;0.0093;0.0255;0.0196;0.041;0.12;0.155;0.1596;0.1707;0.0339;0.0768;0.0353;128;s2
2021-09-10;0.0084;0.012;0.0284;0.026;0.0488;0.1319;0.162;0.1725;0.1834;0.0511;0.0866;0.046;128;s2
2021-09-15;0.3894;0.388;0.3854;0.3695;0.3823;0.4171;0.429;0.4512;0.4367;0.2936;0.1923;0.1877;66;s2
2021-09-20;0.0067;0.0223;0.0328;0.0243;0.0464;0.1292;0.1614;0.1963;0.1812;0.052;0.097;0.0672;194;s2
2021-09-25;0.0081;0.0097;0.0268;0.0232;0.0427;0.1211;0.1492;0.158;0.1694;0.0503;0.0819;0.0428;128;s2
2021-09-30;0.01;0.0167;0.0334;0.0336;0.0525;0.1433;0.1741;0.1836;0.1946;0.0381;0.0835;0.0404;128;s2
2021-10-05;0.7951;0.7322;0.6987;0.6486;0.6376;0.6336;0.6333;0.6125;0.6186;0.2334;0.0559;0.0668;200;s2
2021-10-10;0.0055;0.0139;0.03;0.0309;0.0465;0.1199;0.1474;0.1544;0.1633;0.0614;0.0732;0.0409;64;s2
2021-10-15;0.0067;0.0154;0.0319;0.0321;0.0485;0.1163;0.1392;0.1568;0.1618;0.0652;0.08;0.041;64;s2
2021-10-20;0.0056;0.0158;0.031;0.0331;0.0469;0.1207;0.1458;0.1546;0.1611;0.0313;0.0771;0.0404;64;s2
2021-10-25;0.0412;0.0114;0.041;0.0571;0.0913;0.1588;0.185;0.1974;0.2187;0.172;0.1434;0.1248;194;s2
2021-10-30;0.0044;0.0134;0.0266;0.03;0.0444;0.1117;0.1378;0.1509;0.1521;0.0715;0.0728;0.0399;64;s2
2021-11-04;0.8382;0.6991;0.7269;0.7569;0.8094;0.8639;0.8948;0.8252;0.9306;0.6496;0.6533;0.5772;194;s2
2021-11-19;0.0065;0.009;0.0226;0.0267;0.0431;0.1003;0.1216;0.125;0.1395;0.0375;0.07;0.0516;194;s2
2021-11-24;0.0014;0.0019;0.0109;0.0108;0.0271;0.0855;0.1019;0.107;0.1212;0.061;0.0493;0.0237;64;s2
2021-11-29;0.2745;0.3034;0.2957;0.312;0.3485;0.4229;0.434;0.451;0.4396;0.1379;0.0691;0.0949;194;s2
2021-12-04;NA;NA;NA;NA;NA;NA;NA;NA;NA;NA;NA;NA;NA;s2
2021-12-19;-0.0094;-0.0117;-9e-04;-8e-04;0.0237;0.103;0.1269;0.1373;0.1484;0.0529;0.0357;0.018;192;s2
2021-12-29;0.0021;-0.001;0.0115;0.0119;0.0414;0.1259;0.155;0.1611;0.1791;0.0684;0.0572;0.0365;208;s2
2022-01-03;-0.0462;-0.0399;-0.0254;-0.0196;-0.0056;0.0451;0.0649;0.0631;0.0717;-0.0044;0.0236;0.0185;200;s2
2022-01-08;-0.0254;-0.0193;-0.0026;6e-04;0.023;0.1019;0.1299;0.1386;0.1457;0.0552;0.04;0.0217;192;s2
2022-01-13;-0.0305;-0.0217;-0.0055;-0.0012;0.0198;0.0943;0.1119;0.1259;0.1284;0.056;0.0477;0.0247;192;s2
2022-01-18;-0.0299;-0.0249;-0.0063;-0.0011;0.0209;0.0929;0.1135;0.1247;0.1311;0.056;0.0457;0.0226;192;s2
2022-01-23;-0.0309;-0.0188;-0.0045;0.001;0.0174;0.0877;0.1072;0.1209;0.1227;0.0573;0.0465;0.0227;192;s2
2022-01-28;-0.0256;0.0027;0.0126;0.0109;0.0347;0.1119;0.1389;0.1752;0.1637;0.0839;0.0698;0.041;192;s2
2022-02-07;0.6066;0.613;0.6105;0.5858;0.6146;0.6607;0.6706;0.6778;0.6735;0.4556;0.2585;0.2499;194;s2
2022-02-12;-0.0113;-0.0048;0.0078;0.0107;0.0323;0.0937;0.106;0.1167;0.1289;0.0919;0.0536;0.0285;192;s2
2022-02-17;0.008;0.0114;0.0226;0.0164;0.0404;0.126;0.1469;0.158;0.1659;0.0289;0.0212;0.0117;208;s2
2022-02-22;-6e-04;0.0036;0.0172;0.0176;0.0392;0.1131;0.1342;0.1468;0.153;0.0804;0.0559;0.0285;192;s2
2022-02-27;0.0121;0.0098;0.0225;0.0269;0.0579;0.1347;0.167;0.1672;0.1882;0.0883;0.1071;0.0748;200;s2
2022-03-04;0.014;0.0055;0.0268;0.035;0.0622;0.1337;0.1583;0.1636;0.1842;0.1059;0.1139;0.079;194;s2
2022-03-09;4e-04;0.0093;0.0245;0.0256;0.0468;0.1138;0.1357;0.1471;0.1508;0.0763;0.0739;0.0435;128;s2
2022-03-14;0.007;0.0076;0.0229;0.0245;0.043;0.0996;0.1197;0.1288;0.1365;0.0576;0.0671;0.0412;128;s2
2022-03-19;0.0069;0.0102;0.0246;0.0276;0.0475;0.1145;0.1361;0.1486;0.1511;0.0819;0.0774;0.0441;128;s2
2022-03-24;0.0091;0.014;0.0278;0.0262;0.0467;0.1127;0.1339;0.1481;0.1526;0.086;0.0795;0.0442;128;s2
2022-03-29;0.0134;0.0158;0.0342;0.0356;0.061;0.1283;0.1526;0.1612;0.1725;0.0584;0.0979;0.0602;192;s2
2022-04-03;0.0799;0.1081;0.1314;0.1434;0.1735;0.2867;0.3176;0.3263;0.3331;0.1036;0.0267;0.0212;208;s2
2022-04-08;0.0109;0.0209;0.0419;0.0398;0.0653;0.14;0.1622;0.1689;0.1778;0.0239;0.0989;0.0562;192;s2
2022-04-13;0.025;0.02;0.0424;0.0471;0.0671;0.1371;0.1617;0.1584;0.1794;0.0429;0.1186;0.0843;194;s2
2022-04-18;0.0096;0.023;0.0418;0.0467;0.0748;0.1415;0.1635;0.1726;0.1811;0.0843;0.1113;0.0701;192;s2
2022-04-28;0.0122;0.0245;0.0433;0.0457;0.073;0.145;0.1654;0.1773;0.1835;0.0725;0.1058;0.0616;128;s2
2022-05-03;0.11;0.0652;0.0782;0.0964;0.1262;0.1928;0.2258;0.179;0.2543;0.111;0.1502;0.1442;194;s2
2022-05-13;1.1028;1.0776;1.1038;1.0817;1.1009;1.0978;1.0913;1.0853;1.0775;0.7746;0.2612;0.2545;194;s2
2022-05-18;216;319;530;484;782;1659;2011;2074;2206;411;1232;680;196;s2
2022-05-23;179;233;412;346;434;916;1126;1119;1180;-195;740;449;192;s2
2022-05-28;7554;5451;6055;6550;7029;7227;7281;5738;7237;5345;4581;3294;194;s2
2022-06-02;2833;3950;3952;3915;4035;4482;4644;4567;4676;1672;3438;2642;66;s2
2022-06-12;124;252;471;424;703;1555;1806;1937;2044;712;1114;596;72;s2
2022-06-17;169;353;641;612;935;1951;2273;2400;2488;1054;1469;1078;194;s2
2022-06-27;126;222;452;420;637;1584;1917;1936;2101;273;1145;618;128;s2
2022-07-02;147;229;447;380;646;1534;1916;1960;2061;483;1083;572;64;s2
2022-07-07;7622;7169;7136;7015;7254;7404;7487;7234;7514;4993;5277;3897;194;s2
2022-07-12;148;253;453;407;601;1594;1951;2025;2089;666;1104;598;64;s2
2022-07-17;145;244;452;392;636;1602;1911;1974;2106;426;1143;591;128;s2
2022-07-22;161;240;433;391;609;1528;1857;1950;2076;273;1155;604;192;s2
2022-07-27;5957;5732;5559;5376;5585;5845;5984;5903;6046;3862;3901;3333;194;s2
2022-08-01;136;210;410;355;558;1528;1882;1985;2075;528;1061;560;128;s2
2022-08-06;8923;7683;7858;7909;8146;8132;8028;7614;7853;5475;1940;1457;194;s2
2022-08-11;111;4;301;304;658;1674;2060;2200;2321;708;1371;762;194;s2
2022-08-16;119;190;377;332;560;1480;1745;1823;1925;420;978;482;64;s2
2022-08-21;114;188;365;315;553;1346;1673;1745;1839;508;917;466;64;s2
2022-08-26;16;49;182;150;265;859;1073;1072;1166;126;480;214;136;s2
2022-08-31;5981;4675;4924;4782;4996;5463;5754;5342;5857;2286;4226;3207;194;s2
2022-09-05;156;198;389;331;597;1576;1930;1953;2134;366;1166;686;198;s2
2022-09-10;3518;3031;3354;3407;3424;3961;4339;4029;4484;2250;2396;1970;66;s2
2022-09-15;8542;9996;10146;9918;10064;10301;10372;10871;10426;4309;7682;5681;194;s2
2022-09-20;104;162;324;290;516;1248;1492;1626;1679;739;853;439;64;s2
2022-09-25;5869;5198;5155;5036;5215;5480;5567;5682;5704;3285;4031;2966;194;s2
2022-10-05;0.015;0.0172;0.0356;0.0358;0.0567;0.134;0.1614;0.1693;0.1823;0.0533;0.0952;0.0552;128;s2
2022-10-10;0.4855;0.3828;0.416;0.4453;0.488;0.5266;0.5385;0.4936;0.5497;0.3069;0.4397;0.3455;194;s2
2022-10-15;0.2113;0.2799;0.2961;0.2833;0.289;0.3102;0.3102;0.3712;0.3199;0.1827;0.2269;0.1849;194;s2
2022-10-20;0.0116;0.013;0.0278;0.0285;0.0476;0.1101;0.1399;0.1363;0.1573;0.0369;0.0877;0.0507;128;s2
2022-10-25;-0.0103;-0.0037;0.0091;0.0137;0.0276;0.0731;0.0914;0.0841;0.0987;0.0274;0.0452;0.0211;64;s2
2022-10-30;0.0079;0.0105;0.0227;0.022;0.0368;0.0982;0.1235;0.1254;0.1455;0.0279;0.0754;0.039;64;s2
2022-11-09;0.034;-0.0053;0.021;0.039;0.0565;0.0993;0.1182;0.0956;0.1347;0.0517;0.0885;0.0765;194;s2
2022-11-14;0.6177;0.6233;0.6594;0.6816;0.7125;0.7761;0.8042;0.7593;0.8236;0.2469;0.6706;0.5875;194;s2
2022-11-19;0.0037;0.0045;0.0139;0.0142;0.0316;0.0914;0.1145;0.1146;0.133;0.0565;0.0576;0.0269;64;s2
2022-11-24;-0.0297;-0.0305;-0.0151;-0.0104;0.0095;0.0863;0.1086;0.1187;0.1255;0.0398;0.0403;0.0184;192;s2
2022-12-04;1.0054;0.9114;0.8736;0.8182;0.8156;0.8032;0.7855;0.735;0.7514;0.4239;0.0943;0.1286;194;s2
2022-12-14;0.2007;0.1934;0.2047;0.2251;0.2552;0.3332;0.3603;0.356;0.3804;0.1482;0.1301;0.1269;194;s2
2022-12-24;-0.0133;-0.0163;-0.006;-0.0057;0.0154;0.0891;0.1143;0.118;0.1278;0.0118;0.0334;0.0171;192;s2
2022-12-29;-0.031;-0.0245;-0.0119;-0.0074;0.0104;0.0831;0.1083;0.1202;0.1314;0.0312;0.0409;0.0199;192;s2
2023-01-03;0.487;0.4679;0.465;0.4611;0.4765;0.5021;0.5054;0.4811;0.4949;0.3061;0.1848;0.1954;194;s2
2023-01-08;0.0753;0.0653;0.0858;0.1108;0.1343;0.2192;0.243;0.2393;0.2697;0.0896;0.1547;0.1385;194;s2
2023-01-18;4e-04;-0.0443;-0.0679;-0.0777;-0.0751;-0.0388;-0.0238;-0.0239;-0.0095;-0.1047;-0.0391;-0.0068;200;s2
2023-01-28;0.256;0.1583;0.1447;0.1673;0.2007;0.2837;0.3076;0.2917;0.3278;0.1001;0.1196;0.1446;194;s2
2023-02-07;-0.0189;-0.0155;-0.0018;-0.0011;0.0225;0.0968;0.1147;0.1302;0.1285;0.0762;0.04;0.0212;192;s2
2023-02-12;-0.0317;-0.0201;-4e-04;0.0053;0.0273;0.1014;0.1237;0.1368;0.1455;0.0427;0.0536;0.0281;192;s2
2023-02-17;0.6382;0.58;0.5824;0.5574;0.5687;0.598;0.5965;0.5869;0.5973;0.4528;0.3533;0.3293;194;s2
2023-02-22;-0.004;-2e-04;0.0132;0.0156;0.0345;0.1061;0.1275;0.138;0.1452;0.0532;0.0655;0.0371;192;s2
2023-02-27;0.0447;0.0437;0.0664;0.0865;0.1173;0.1958;0.2205;0.2335;0.2519;0.0867;0.1696;0.1604;194;s2
2023-03-04;0.0584;0.0623;0.0476;0.1008;0.1292;0.1505;0.1632;0.1673;0.1791;0.0568;0.0757;0.0847;194;s2
2023-03-09;0.0071;0.0092;0.0242;0.0248;0.0408;0.1104;0.1326;0.1439;0.1544;0.0451;0.0764;0.0407;192;s2
2023-03-14;0.2158;0.3039;0.2866;0.2597;0.2574;0.2733;0.2894;0.3461;0.3002;0.0506;0.1974;0.1778;194;s2
2023-03-19;0.0096;0.0113;0.0224;0.0217;0.036;0.0906;0.1108;0.1125;0.1243;0.0329;0.0639;0.0405;192;s2
2023-03-29;0.0498;0.0529;0.0789;0.1118;0.1396;0.2082;0.2321;0.2502;0.2566;0.1109;0.1643;0.1288;194;s2
2023-04-03;0.0107;0.0187;0.0353;0.0367;0.0594;0.1259;0.146;0.1605;0.1635;0.0906;0.0961;0.0551;64;s2
2023-04-18;0.4291;0.5574;0.5793;0.5731;0.5815;0.6042;0.6037;0.6581;0.6112;0.2984;0.5715;0.4906;130;s2
2023-04-23;0.9224;0.9554;0.9467;0.9154;0.9183;0.8993;0.8812;0.9561;0.8618;0.5825;0.3813;0.2479;194;s2
2023-05-03;0.8625;0.7833;0.7984;0.7922;0.816;0.82;0.8218;0.7955;0.8173;0.539;0.5852;0.4269;194;s2
2023-05-13;0.8546;0.9189;0.9085;0.8581;0.852;0.8406;0.8279;0.8871;0.8063;0.3637;0.1852;0.1578;194;s2
2023-05-18;0.0143;0.029;0.0595;0.0672;0.0846;0.1417;0.1594;0.16;0.1659;0.0211;0.1468;0.1127;194;s2
2023-05-23;0.5558;0.4603;0.4743;0.4684;0.4964;0.5235;0.5343;0.4925;0.5386;0.3452;0.2711;0.2467;194;s2
2023-05-28;0.0182;0.0225;0.0467;0.0362;0.0702;0.1702;0.2119;0.2118;0.2318;0.0421;0.1157;0.0567;196;s2
2023-06-02;0.2579;0.1889;0.2289;0.2398;0.2737;0.3392;0.3678;0.3303;0.387;0.1936;0.286;0.2397;66;s2
2023-06-07;0.0063;0.0063;0.025;0.0217;0.0443;0.1078;0.1332;0.1312;0.1423;0.0164;0.058;0.0331;200;s2
2023-06-12;-0.0047;-0.0076;0.0035;1e-04;0.0083;0.0389;0.0501;0.0484;0.0539;0.0062;0.0169;0.0087;196;s2
2023-06-17;-0.0129;-0.0147;-0.004;-0.0081;-6e-04;0.0306;0.0425;0.0397;0.0452;0.0036;0.0148;0.0084;202;s2
2023-06-22;0.0557;0.0615;0.0974;0.1154;0.146;0.228;0.2605;0.263;0.2802;0.0936;0.1208;0.0954;194;s2
2023-06-27;1.0505;1.0179;1.0242;0.9819;0.9997;0.996;0.9898;1.0103;0.9797;0.719;0.6796;0.5699;194;s2
2023-07-02;0.6981;0.6423;0.6579;0.6463;0.6617;0.6746;0.6818;0.6695;0.6799;0.4432;0.464;0.3258;194;s2
2023-07-07;0.0112;0.0168;0.0395;0.0296;0.0608;0.1586;0.1945;0.2017;0.2104;0.0594;0.0947;0.048;128;s2
2023-07-12;0.6939;0.6456;0.6441;0.6151;0.6341;0.6493;0.6475;0.6496;0.6418;0.5156;0.1671;0.202;194;s2
2023-07-17;0.0143;0.0187;0.0411;0.0333;0.0596;0.1665;0.2137;0.2118;0.2336;0.0235;0.1128;0.053;200;s2
2023-07-22;0.301;0.4069;0.4471;0.4493;0.461;0.5166;0.5361;0.5678;0.5444;0.1691;0.4985;0.3879;66;s2
2023-07-27;0.0141;0.0217;0.0496;0.0425;0.072;0.1841;0.2326;0.2291;0.255;0.0605;0.1378;0.0733;132;s2
2023-08-06;0.0088;0.0156;0.035;0.0268;0.0546;0.1556;0.1958;0.2042;0.2159;0.0708;0.0975;0.0453;136;s2
2023-08-11;0.0082;0.0145;0.0339;0.0275;0.056;0.1431;0.1776;0.1819;0.1928;0.0565;0.0888;0.0451;64;s2
2023-08-16;0.0363;-0.0023;0.0319;0.0449;0.0798;0.1794;0.2228;0.2078;0.2496;0.065;0.1381;0.0799;194;s2
2023-08-26;0.0343;0.012;0.0342;0.029;0.0516;0.145;0.1844;0.1894;0.2144;0.0485;0.1017;0.0595;198;s2
2023-08-31;0.461;0.5058;0.5143;0.5031;0.5211;0.5557;0.565;0.5769;0.5656;0.3254;0.4398;0.3608;194;s2
2023-09-05;0.0064;0.0136;0.0319;0.0271;0.0529;0.1408;0.1812;0.1869;0.1954;0.0473;0.0936;0.0454;128;s2
2023-09-10;0.0082;0.0158;0.0337;0.0295;0.0516;0.1443;0.1708;0.1827;0.191;0.0558;0.0894;0.0453;64;s2
2023-09-15;0.0065;0.1345;0.135;0.115;0.1407;0.2482;0.293;0.3361;0.3164;0.0676;0.2073;0.1298;194;s2
2023-09-20;-0.0534;-0.0519;-0.0381;-0.0342;-0.0284;0.0064;0.0227;0.0254;0.0322;-0.0319;0.0121;0.0141;200;s2
2023-09-25;0.0062;0.0112;0.027;0.0226;0.0436;0.1211;0.1497;0.1585;0.1701;0.0441;0.0801;0.0373;64;s2
2023-09-30;0.0085;0.0143;0.0311;0.0278;0.0503;0.1428;0.1768;0.1774;0.1929;0.0366;0.0914;0.0452;128;s2
2023-10-05;0.0119;0.0152;0.0306;0.0295;0.0479;0.1222;0.1534;0.1494;0.1723;0.0416;0.0859;0.0526;192;s2
2023-10-10;-0.0143;0.0034;0.0235;0.0332;0.0441;0.078;0.0882;0.0877;0.0924;0.0268;0.0584;0.0374;194;s2
2023-10-15;0.0642;0.0514;0.0788;0.0965;0.1193;0.1732;0.1971;0.1859;0.2139;0.0782;0.187;0.18;194;s2
2023-10-25;0.9777;0.9064;0.9289;0.9115;0.9144;0.9239;0.9297;0.8665;0.9219;0.4181;0.1894;0.1917;194;s2
2023-11-09;0.0262;0.0227;0.0416;0.0482;0.0866;0.1736;0.2079;0.203;0.2312;0.0839;0.1049;0.0917;194;s2
2023-11-14;0.007;0.0041;0.0158;0.0175;0.0345;0.1071;0.1307;0.137;0.1508;0.0302;0.0668;0.0343;128;s2
2023-11-19;0.0479;0.0216;0.0821;0.1233;0.1654;0.2507;0.2752;0.2295;0.2994;0.0392;0.2549;0.1929;194;s2
2023-11-24;0.0025;0.0039;0.0147;0.0143;0.0317;0.0975;0.1201;0.1302;0.1373;0.0667;0.055;0.0267;64;s2
2023-11-29;0.0045;0.0051;0.0153;0.0143;0.0314;0.0978;NA;0.1287;0.1359;NA;NA;NA;64;s2
2023-12-09;0.239;NA;0.3087;0.3045;0.3513;0.4683;0.4996;0.5202;0.5281;0.1417;0.204;0.1942;194;s2
2023-12-14;-0.0295;-0.0326;-0.0247;-0.0187;NA;0.0784;NA;0.1074;0.1185;NA;NA;NA;192;s2
2023-12-19;-0.0088;-0.009;0.0024;0.0039;0.0208;0.0882;0.1097;0.1139;0.122;0.0593;0.0444;0.02;192;s2
2023-12-24;0.7588;0.7551;0.7423;0.7014;0.7118;NA;NA;0.7689;NA;NA;NA;NA;194;s2
2023-12-29;0.0074;NA;0.0266;0.0319;0.0567;0.1252;0.151;0.1578;0.173;0.0595;0.0882;0.0661;192;s2
2024-01-03;-0.0038;-0.0015;0.005;NA;0.024;0.0925;NA;0.1213;0.1247;0.0465;0.0419;0.0202;192;s2
2024-01-08;0.6445;0.7114;0.6943;0.6555;0.6501;0.6483;0.6263;0.6586;0.5998;NA;0.3596;0.3063;194;s2
2024-01-13;-0.0158;-0.0185;-0.0087;NA;NA;NA;0.1258;0.1336;NA;0.0688;0.0326;0.0175;192;s2
2024-01-18;0.525;0.4376;0.4696;0.4938;0.5123;0.5599;0.565;0.5062;0.5697;0.2486;NA;0.2674;194;s2
2024-01-23;-0.0937;-0.0531;-0.0589;-0.0664;NA;0.011;0.0381;NA;NA;-0.0842;-0.0044;0.0138;194;s2
2024-01-28;-0.0199;-0.0146;-0.0011;0.0027;0.0208;NA;NA;0.1204;0.1253;0.0693;0.0406;0.0206;192;s2
2024-02-02;0.2098;0.2091;NA;0.2555;0.2816;0.3483;0.3691;0.3774;0.3974;0.1478;0.3041;0.244;194;s2
2024-02-07;0.3597;0.2713;0.2812;0.3125;0.3532;0.4075;0.4235;0.4024;NA;0.2247;0.261;NA;66;s2
2024-02-12;-0.0127;NA;-0.0153;-0.01;0.0038;0.0551;0.0753;0.0737;0.089;-0.0027;0.0287;0.0213;NA;s2
2024-02-17;0.5767;0.499;0.537;0.5642;0.6018;0.6346;0.6455;0.5773;0.6556;NA;NA;NA;NA;s2
2024-04-07;0.0126;0.0148;0.0363;0.0349;0.0595;0.1368;NA;0.1685;0.1801;0.072;0.094;0.0614;196;s2
2024-04-17;0.7945;0.7405;0.728;0.7006;0.7189;NA;0.7172;0.7177;NA;0.5902;0.217;0.2488;194;s2
2024-05-07;0.7658;0.7404;0.7525;0.7495;0.7602;0.7685;NA;NA;0.7763;0.401;0.1905;0.2006;66;s2
2024-05-17;-0.0106;-0.0111;NA;0.0232;0.0641;0.1732;0.2038;NA;NA;0.0655;0.0968;0.0513;196;s2
2024-05-22;0.3131;0.0653;0.0875;0.125;0.1908;0.2807;NA;0.1983;0.3682;0.1817;0.1238;0.1374;66;s2
2024-06-06;0.0115;0.0183;0.0459;0.0353;0.0766;NA;0.2159;0.2194;0.236;0.0482;0.1123;0.0564;196;s2
2024-06-11;0.2697;NA;NA;0.1787;0.2104;0.2733;0.3049;0.268;0.3262;0.1625;0.2103;0.1893;NA;s2
2024-06-16;0.0036;0.0382;0.0521;0.0408;0.0478;NA;0.1054;0.1505;0.1214;NA;0.0715;NA;194;s2
2024-06-21;0.0181;0.0249;0.054;0.04;0.0663;0.1775;0.216;0.2181;0.2444;0.0029;0.1292;0.0743;192;s2
2024-06-26;0.6402;0.622;0.6392;NA;0.6531;0.6807;0.6867;0.6849;NA;NA;NA;NA;NA;s2
2024-07-01;0.6051;NA;0.5405;0.5311;0.5509;0.5733;0.5751;0.5509;0.5665;NA;0.2084;0.1976;194;s2
2024-07-06;0.0309;-0.0845;-0.0215;0.0365;0.0788;0.164;0.1909;0.0887;NA;NA;NA;NA;194;s2
2024-07-11;0.0052;0.0109;0.0337;0.0265;0.0534;0.1606;0.1999;0.1982;0.221;0.0265;0.1047;0.0509;200;s2
2024-07-16;0.0104;0.0166;0.0416;0.0325;0.0657;0.1818;NA;NA;NA;0.0383;0.1141;0.0561;196;s2
2024-07-21;0.0086;0.0128;0.0316;0.0245;0.0478;0.146;0.179;0.1869;0.2038;0.0335;0.0934;NA;128;s2
2024-07-31;0.0092;0.0135;0.0337;0.0265;0.0516;0.1465;0.1832;0.1888;0.204;NA;0.0969;0.0484;128;s2
2024-08-05;0.0126;0.0172;NA;NA;NA;NA;NA;0.2073;0.2289;0.0332;NA;0.057;192;s2
2024-08-10;0.0051;0.0101;0.0294;0.0227;0.0475;0.1457;0.1836;0.188;0.2028;0.0262;0.0932;NA;128;s2
2024-08-15;0.007;0.0103;0.0268;NA;NA;0.1325;NA;0.168;0.1858;0.0364;0.0812;0.0372;64;s2
2024-08-20;0.6281;0.6839;0.694;0.6726;NA;0.6816;0.6721;0.725;0.6662;0.2826;0.5645;0.4483;194;s2
2024-08-25;0.0062;0.0112;0.0295;NA;NA;NA;0.1735;NA;NA;0.0378;0.0873;0.0412;128;s2
2024-08-30;0.0089;0.0118;0.0295;0.0224;0.0434;NA;0.1692;0.1742;0.19;0.0323;0.088;0.0425;128;s2
2024-09-04;0.4863;0.5844;0.5984;NA;NA;0.6265;0.6361;0.6835;NA;0.2839;0.549;0.4573;NA;s2
2024-09-09;0.0055;0.0099;0.026;0.0206;0.0415;0.1308;0.1641;0.174;0.1853;0.0391;0.0755;0.0349;64;s2
2024-09-19;0.89;0.6911;NA;NA;NA;0.7545;0.7663;NA;NA;0.5405;0.3805;0.3061;NA;s2
2024-09-24;-0.0852;-0.077;-0.0541;-0.0419;-0.0315;0.0085;0.027;0.0286;0.0361;-0.0169;0.0117;0.0062;200;s2
2024-09-29;0.0063;0.0095;NA;NA;0.0426;0.1223;0.1481;NA;NA;0.072;0.0741;0.0352;NA;s2
2024-10-09;0.3187;0.3323;0.312;0.2511;0.253;0.3167;0.3471;0.4208;0.3735;0.2324;0.2126;NA;66;s2
2024-10-19;0.5456;0.4959;0.4851;0.4729;0.4861;0.5021;NA;0.5107;0.5171;NA;0.2858;0.2523;194;s2
2024-10-24;0.6055;0.5668;0.5748;0.5663;0.5777;0.5953;0.6041;0.5932;0.605;0.1583;0.4067;0.2992;194;s2
2024-10-29;0.0048;NA;0.0157;0.0159;NA;NA;NA;0.1123;0.1311;NA;NA;0.029;64;s2
2024-11-03;0.0085;0.0088;0.0209;0.0229;0.0404;NA;0.1187;0.1214;0.1359;0.0577;0.0722;0.0424;128;s2
2024-11-08;0.0063;0.0045;NA;0.0144;NA;0.0875;0.1062;NA;0.1252;0.0497;0.0593;0.0273;64;s2
2024-11-13;0.0038;0.0035;0.0148;NA;0.0337;0.0976;0.1157;NA;0.139;0.0675;0.057;0.0278;64;s2
2024-11-23;-0.0133;-0.0092;NA;0.0061;0.0251;0.0894;0.1097;0.1127;0.1308;NA;0.0434;0.0216;192;s2
2024-11-28;0.3987;NA;0.337;0.3552;0.362;0.3769;0.3807;0.3645;0.3873;0.1042;0.2564;0.195;130;s2
2024-12-03;0.2586;0.4925;0.4986;0.4529;0.4363;0.4281;0.3975;0.5381;0.3779;NA;NA;NA;NA;s2
2024-12-18;0.009;0.042;0.0474;NA;0.0705;0.1276;0.1508;0.1757;0.1725;NA;0.1182;NA;194;s2
2024-12-23;-0.0205;NA;-0.0062;-0.0036;0.0148;0.0865;0.1116;0.1097;0.1265;0.0722;0.0326;0.0169;192;s2
2024-12-28;-0.0258;-0.0139;-9e-04;-2e-04;NA;0.0894;NA;0.1268;0.1357;NA;NA;NA;192;s2
2020-01-11;0.0024;0.0046;0.0107;0.0056;NA;NA;NA;0.0938;NA;NA;0.0287;0.0131;72;ls
2020-01-27;-5e-04;0.0051;0.0135;0.0065;NA;NA;NA;0.0999;NA;NA;0.0335;0.0173;128;ls
2020-02-12;NA;NA;NA;NA;NA;NA;NA;NA;NA;NA;NA;NA;NA;ls
2020-02-28;0.0031;0.0112;0.0272;0.0242;NA;NA;NA;0.1306;NA;NA;0.0533;0.0316;200;ls
2020-03-15;0.0044;0.0059;0.0204;0.0107;NA;NA;NA;0.1335;NA;NA;0.042;0.0205;196;ls
2020-03-31;-0.0205;-0.0259;0.0505;0.0364;NA;NA;NA;0.183;NA;NA;-0.0079;0.0087;208;ls
2020-04-16;0.0179;0.0395;0.0895;0.0878;NA;NA;NA;0.2102;NA;NA;0.1216;0.0871;194;ls
2020-05-02;0.521;0.5198;0.5566;0.5572;NA;NA;NA;0.591;NA;NA;0.5239;0.4785;194;ls
2020-05-18;-0.0072;0.0125;0.1002;0.0783;NA;NA;NA;0.2344;NA;NA;0.1338;0.1132;194;ls
2020-06-03;0.0118;0.0263;0.054;0.052;NA;NA;NA;0.1915;NA;NA;0.1099;0.07;194;ls
2020-06-19;0.4964;0.4905;0.4645;0.4582;NA;NA;NA;0.508;NA;NA;0.1926;0.1866;194;ls
2020-07-05;0.0094;0.0134;0.0295;0.024;NA;NA;NA;0.161;NA;NA;0.0885;0.0457;64;ls
2020-07-21;0.0091;0.0144;0.0301;0.0239;NA;NA;NA;0.1658;NA;NA;0.0837;0.0417;68;ls
2020-08-06;0.0084;0.0123;0.027;0.0211;NA;NA;NA;0.1504;NA;NA;0.0764;0.0373;64;ls
2020-08-22;0.0082;0.0125;0.0252;0.019;NA;NA;NA;0.1488;NA;NA;0.0743;0.0363;64;ls
2020-09-07;1.1488;1.1501;1.1031;1.1012;NA;NA;NA;1.0806;NA;NA;0.6176;0.432;194;ls
2020-09-23;0.5551;0.5464;0.5211;0.5144;NA;NA;NA;0.5798;NA;NA;0.2115;0.1876;194;ls
2020-10-09;0.0064;0.0137;0.0309;0.0258;NA;NA;NA;0.1386;NA;NA;0.0677;0.0367;128;ls
2020-10-25;-0.009;0.011;0.0384;0.0309;NA;NA;NA;0.1249;NA;NA;0.0523;0.024;192;ls
2020-11-10;0.003;0.0093;0.0219;0.0201;NA;NA;NA;0.1075;NA;NA;0.0515;0.0282;72;ls
2020-11-26;0.0016;0.0062;0.0138;0.0111;NA;NA;NA;0.0987;NA;NA;0.0407;0.0186;64;ls
2020-12-12;0.0013;-0.0059;0.0136;-0.0063;NA;NA;NA;0.1228;NA;NA;0.011;0.0127;208;ls
2021-01-13;0.2592;0.271;0.3107;0.2755;NA;NA;NA;0.4067;NA;NA;0.1117;0.1194;194;ls
2021-01-29;0.2435;0.2447;0.2366;0.2584;NA;NA;NA;0.3162;NA;NA;0.1158;0.1319;194;ls
2021-02-14;0.0281;0.0255;0.0322;0.0226;NA;NA;NA;0.1152;NA;NA;0.0312;0.0174;198;ls
2021-03-02;0.0263;0.0275;0.0303;0.0236;NA;NA;NA;0.1206;NA;NA;0.0389;0.0206;132;ls
2021-03-18;0.027;0.0388;0.0606;0.0582;NA;NA;NA;0.1715;NA;NA;0.06;0.0389;194;ls
2021-04-03;0.0072;0.0144;0.0308;0.0276;NA;NA;NA;0.1334;NA;NA;0.0755;0.0439;128;ls
2021-04-19;0.6353;0.6246;0.6022;0.5981;NA;NA;NA;0.6029;NA;NA;0.4344;0.4017;194;ls
2021-05-05;0.3966;0.4006;0.367;0.3815;NA;NA;NA;0.4979;NA;NA;0.3953;0.3412;194;ls
2021-05-21;0.4654;0.4735;0.453;0.4519;NA;NA;NA;0.5087;NA;NA;0.3591;0.3474;194;ls
2021-06-06;0.9238;0.9028;0.8368;0.818;NA;NA;NA;0.7781;NA;NA;0.2388;0.1931;194;ls
2021-06-22;0.0152;0.0203;0.0422;0.0303;NA;NA;NA;0.2268;NA;NA;0.1119;0.0587;136;ls
2021-07-08;0.0026;0.0135;0.0431;0.0327;NA;NA;NA;0.2085;NA;NA;0.0852;0.0397;192;ls
2021-07-24;0.0067;0.0172;0.0439;0.034;NA;NA;NA;0.2002;NA;NA;0.0917;0.046;192;ls
2021-08-09;2697;2929;3017;3120;NA;NA;NA;4789;NA;NA;3634;2968;194;ls
2021-08-25;297;308;518;371;NA;NA;NA;1816;NA;NA;947;597;194;ls
2021-09-10;44;101;248;184;NA;NA;NA;1569;NA;NA;635;299;64;ls
2021-09-26;81;266;706;650;NA;NA;NA;2073;NA;NA;1125;745;194;ls
2021-10-12;9762;9720;9119;8949;NA;NA;NA;8578;NA;NA;2541;2879;194;ls
2021-10-28;15;67;176;146;NA;NA;NA;1261;NA;NA;498;235;64;ls
2021-11-08;0.784;0.7781;0.7219;0.7123;NA;NA;NA;0.6885;NA;NA;0.1663;0.1892;194;ls
2021-11-13;0.5282;0.5224;0.508;0.5109;NA;NA;NA;0.5318;NA;NA;0.2815;0.2652;194;ls
2021-11-29;0.0055;-0.0012;0.0474;-0.0153;NA;NA;NA;0.1907;NA;NA;-0.0125;0.0253;208;ls
2021-12-07;0.01;0.0035;0.0135;-0.0025;NA;NA;NA;0.1298;NA;NA;0.0179;0.0131;208;ls
2021-12-15;0.0298;0.0264;0.0309;0.0172;NA;NA;NA;0.1415;NA;NA;0.0361;0.0241;192;ls
2021-12-23;0.0182;0.0202;0.0296;0.026;NA;NA;NA;0.1249;NA;NA;0.0421;0.0277;202;ls
2022-01-08;0.0103;0.009;0.0183;0.01;NA;NA;NA;0.1217;NA;NA;0.0328;0.0178;196;ls
2022-01-16;0.0056;0.0054;0.0105;0.0059;NA;NA;NA;0.0958;NA;NA;0.0309;0.0146;72;ls
2022-01-24;0.0064;0.0088;0.0149;0.0096;NA;NA;NA;0.1005;NA;NA;0.0352;0.0162;72;ls
2022-02-01;0.0158;0.0168;0.0279;0.0231;NA;NA;NA;0.1336;NA;NA;0.0647;0.0415;130;ls
2022-02-09;0.0065;0.0076;0.0147;0.0103;NA;NA;NA;0.1119;NA;NA;0.0408;0.0196;68;ls
2022-02-17;0.0068;0.0064;0.0183;0.0072;NA;NA;NA;0.1226;NA;NA;0.0231;0.0118;192;ls
2022-02-25;0.2427;0.248;0.2661;0.298;NA;NA;NA;0.4074;NA;NA;0.3621;0.3064;194;ls
2022-03-05;0.006;0.0111;0.0226;0.0185;NA;NA;NA;0.1232;NA;NA;0.0517;0.0262;128;ls
2022-03-21;0.0048;0.0159;0.0381;0.0373;NA;NA;NA;0.1481;NA;NA;0.0752;0.0419;192;ls
2022-03-29;0.0036;0.0269;0.0709;0.0693;NA;NA;NA;0.1834;NA;NA;0.1059;0.068;192;ls
2022-04-06;0.0081;0.013;0.0313;0.0262;NA;NA;NA;0.1479;NA;NA;0.0643;0.0335;128;ls
2022-04-14;0.0113;0.0179;0.0325;0.0314;NA;NA;NA;0.1523;NA;NA;0.0831;0.0447;64;ls
2022-04-30;-0.0511;-0.0356;0.0169;-0.0136;NA;NA;NA;0.1104;NA;NA;0.0676;0.0482;194;ls
2022-05-08;0.4827;0.4777;0.4602;0.4578;NA;NA;NA;0.4958;NA;NA;0.1908;0.1917;194;ls
2022-05-16;-0.0629;-0.0316;0.0681;0.0467;NA;NA;NA;0.1406;NA;NA;0.0713;0.0639;194;ls
2022-05-24;389;517;935;657;NA;NA;NA;2791;NA;NA;1682;1208;194;ls
2022-06-01;0.0144;0.0204;0.0451;0.0362;NA;NA;NA;0.2085;NA;NA;0.1078;0.0559;192;ls
2022-06-09;8237;8103;7586;7438;NA;NA;NA;7174;NA;NA;1177;1382;194;ls
2022-06-17;0.0075;0.0186;0.0452;0.0398;NA;NA;NA;0.2034;NA;NA;0.1133;0.0666;128;ls
2022-06-25;5567;5641;5481;5514;NA;NA;NA;5967;NA;NA;4900;4427;194;ls
2022-07-03;0.0152;0.0205;0.0404;0.0321;NA;NA;NA;0.2148;NA;NA;0.1069;0.0536;128;ls
2022-07-11;142;188;352;283;NA;NA;NA;1910;NA;NA;961;502;64;ls
2022-07-19;0.0043;0.0121;0.0355;0.0286;NA;NA;NA;0.1895;NA;NA;0.0949;0.0482;132;ls
2022-07-27;4110;4078;4003;4029;NA;NA;NA;4801;NA;NA;2999;2664;130;ls
2022-08-04;0.0086;0.0144;0.0312;0.0239;NA;NA;NA;0.1695;NA;NA;0.086;0.0412;64;ls
2022-08-20;9011;8926;8357;8169;NA;NA;NA;7915;NA;NA;3723;3775;194;ls
2022-08-28;-1348;-1178;-90;-323;NA;NA;NA;803;NA;NA;370;386;194;ls
2022-09-05;88;198;321;286;NA;NA;NA;1760;NA;NA;787;399;136;ls
2022-09-13;40;89;245;194;NA;NA;NA;1473;NA;NA;696;345;64;ls
2022-09-21;0.0075;0.0117;0.0237;0.0182;NA;NA;NA;0.1398;NA;NA;0.0646;0.0309;64;ls
2022-09-29;9354;9247;8620;8487;NA;NA;NA;8242;NA;NA;3043;3194;194;ls
2022-10-07;0.0018;0.0063;0.019;0.0158;NA;NA;NA;0.1304;NA;NA;0.0593;0.0276;64;ls
2022-10-15;0.0042;0.0128;0.0271;0.0257;NA;NA;NA;0.1229;NA;NA;0.0608;0.036;72;ls
2022-10-23;0.0027;0.0113;0.0244;0.0218;NA;NA;NA;0.1255;NA;NA;0.0583;0.0287;64;ls
2022-10-31;-0.1216;-0.0805;0.0425;0.0074;NA;NA;NA;0.2034;NA;NA;0.1721;0.1465;194;ls
2022-11-08;-0.1551;-0.1445;-0.0248;0.0092;NA;NA;NA;0.254;NA;NA;0.1516;0.1333;194;ls
2022-11-24;0.0073;0.0086;0.0162;0.0105;NA;NA;NA;0.1074;NA;NA;0.0364;0.0171;64;ls
2022-12-18;0.0154;0.0176;0.0219;0.0123;NA;NA;NA;0.1177;NA;NA;0.0304;0.0156;192;ls
2022-12-26;0.0332;0.0309;0.0397;0.0285;NA;NA;NA;0.1424;NA;NA;0.0465;0.0279;202;ls
2023-01-03;0.642;0.6533;0.6093;0.6131;NA;NA;NA;0.6205;NA;NA;0.2186;0.2277;194;ls
2023-01-11;0.319;0.3288;0.3265;0.3426;NA;NA;NA;0.4386;NA;NA;0.1785;0.1727;194;ls
2023-01-27;-0.0479;-0.0235;0.0844;0.0368;NA;NA;NA;0.2107;NA;NA;0.0957;0.0942;194;ls
2023-02-04;0.0078;0.0064;0.0131;0.0072;NA;NA;NA;0.1018;NA;NA;0.0329;0.0171;128;ls
2023-02-12;0.0069;0.0164;0.0382;0.0367;NA;NA;NA;0.1513;NA;NA;0.068;0.0444;202;ls
2023-02-20;0.0031;0.0102;0.027;0.0252;NA;NA;NA;0.1255;NA;NA;0.0577;0.0317;192;ls
2023-03-08;0.0038;0.0109;0.0279;0.0249;NA;NA;NA;0.1346;NA;NA;0.063;0.0337;192;ls
2023-03-16;0.0069;0.0131;0.0278;0.0259;NA;NA;NA;0.1317;NA;NA;0.0674;0.0384;64;ls
2023-03-24;0.7751;0.7631;0.7119;0.6998;NA;NA;NA;0.6761;NA;NA;0.2519;0.274;194;ls
2023-04-01;0.0092;0.0464;0.1205;0.1328;NA;NA;NA;0.2363;NA;NA;0.2139;0.1863;194;ls
2023-04-09;0.0569;0.092;0.1234;0.1725;NA;NA;NA;0.3379;NA;NA;0.3108;0.2787;194;ls
2023-04-17;-0.0354;0.0273;0.0786;0.0903;NA;NA;NA;0.2332;NA;NA;0.1545;0.1197;194;ls
2023-04-25;0.4573;0.4543;0.4445;0.4486;NA;NA;NA;0.5193;NA;NA;0.3331;0.2998;194;ls
2023-05-03;0.8355;0.8424;0.7937;0.8056;NA;NA;NA;0.8066;NA;NA;0.5698;0.4456;194;ls
2023-05-27;0.0088;0.017;0.0413;0.0341;NA;NA;NA;0.1916;NA;NA;0.095;0.0481;192;ls
2023-06-04;1.0646;1.0699;1.0129;1.0114;NA;NA;NA;0.9988;NA;NA;0.4714;0.323;194;ls
2023-06-12;0.4401;0.4475;0.4591;0.465;NA;NA;NA;0.5486;NA;NA;0.4964;0.4558;130;ls
2023-06-20;0.0159;0.0467;0.0821;0.0783;NA;NA;NA;0.2531;NA;NA;0.1441;0.0949;194;ls
2023-06-28;0.0091;0.0173;0.0447;0.0314;NA;NA;NA;0.1671;NA;NA;0.1132;0.0806;194;ls
2023-07-06;0.9474;0.9413;0.8867;0.8741;NA;NA;NA;0.8398;NA;NA;0.1645;0.2012;194;ls
2023-07-14;0.003;0.0115;0.0296;0.0233;NA;NA;NA;0.1289;NA;NA;0.0556;0.0324;200;ls
2023-07-22;-0.0082;-0.0041;0.0131;-0.001;NA;NA;NA;0.0796;NA;NA;0.0247;0.014;200;ls
2023-07-30;0.0064;0.0101;0.0278;0.016;NA;NA;NA;0.1965;NA;NA;0.0743;0.0334;128;ls
2023-08-07;0.0026;0.008;0.0271;0.0182;NA;NA;NA;0.1772;NA;NA;0.0678;0.0325;136;ls
2023-08-15;0.0035;0.0108;0.0279;0.0199;NA;NA;NA;0.1726;NA;NA;0.0708;0.0318;128;ls
2023-08-23;0.0068;0.0128;0.0318;0.0238;NA;NA;NA;0.1861;NA;NA;0.0809;0.0376;128;ls
2023-08-31;0.6843;0.7017;0.6547;0.6734;NA;NA;NA;0.7275;NA;NA;0.5743;0.4818;194;ls
2023-09-08;0.0054;0.0104;0.0233;0.0174;NA;NA;NA;0.1555;NA;NA;0.0659;0.03;64;ls
2023-09-16;0.01;0.0129;0.0275;0.0184;NA;NA;NA;0.1743;NA;NA;0.0727;0.0365;128;ls
2023-09-24;0.0021;0.0101;0.0251;0.0197;NA;NA;NA;0.1469;NA;NA;0.0552;0.0248;64;ls
2023-10-02;0.0049;0.0131;0.0308;0.0259;NA;NA;NA;0.1605;NA;NA;0.0681;0.0346;76;ls
2023-10-10;0.0248;0.0519;0.0903;0.0957;NA;NA;NA;0.167;NA;NA;0.1126;0.0913;194;ls
2023-10-18;0.0064;0.0199;0.0471;0.0422;NA;NA;NA;0.2002;NA;NA;0.1001;0.062;200;ls
2023-10-26;0.2084;0.2208;0.2509;0.2674;NA;NA;NA;0.3764;NA;NA;0.1934;0.1892;194;ls
2023-11-11;0.0028;0.0068;0.0192;0.0153;NA;NA;NA;0.1337;NA;NA;0.0424;0.0194;72;ls
2023-11-19;0.0033;0.0079;0.0196;0.0152;NA;NA;NA;0.1336;NA;NA;0.0544;0.0259;72;ls
2023-11-27;0.0022;0.0129;0.0283;0.0255;NA;NA;NA;0.1357;NA;NA;0.0614;0.0357;136;ls
2023-12-05;0.4977;0.4885;0.4729;0.4659;NA;NA;NA;0.4916;NA;NA;0.3101;0.2458;194;ls
2023-12-21;-0.0046;0.0163;0.0489;0.0544;NA;NA;NA;0.1321;NA;NA;0.0731;0.0582;202;ls
2023-12-29;0.0239;0.0359;0.0641;0.0521;NA;NA;NA;0.1858;NA;NA;0.1135;0.0994;194;ls
2024-01-14;-0.0204;-0.0087;0.0116;0.0111;NA;NA;NA;0.0825;NA;NA;0.0229;0.0149;200;ls
2024-01-22;0.5505;0.5509;0.5196;0.5138;NA;NA;NA;0.5221;NA;NA;0.1889;0.2035;194;ls
2024-01-30;0.0016;0.0045;0.0124;0.0066;NA;NA;NA;0.1066;NA;NA;0.0368;0.0167;128;ls
2024-02-07;0.5034;0.5058;0.5042;0.5192;NA;NA;NA;0.6018;NA;NA;0.4346;0.3995;194;ls
2024-02-15;-0.007;0.0108;0.0432;0.0465;NA;NA;NA;0.1392;NA;NA;0.0667;0.0497;194;ls
2024-03-02;-0.0375;-0.0345;5e-04;-0.0128;NA;NA;NA;0.0652;NA;NA;0.0435;0.0414;196;ls
2024-03-18;0.0053;0.0091;0.0745;0.0859;NA;NA;NA;0.2183;NA;NA;0.1078;0.0969;194;ls
2024-03-26;0.4548;0.4504;0.4452;0.4496;NA;NA;NA;0.5017;NA;NA;0.2614;0.2652;194;ls
2024-04-11;0.0033;0.0166;0.045;0.0415;NA;NA;NA;0.1628;NA;NA;0.0762;0.0407;192;ls
2024-04-19;0.1003;0.1043;0.1447;0.1636;NA;NA;NA;0.2935;NA;NA;0.1486;0.1339;194;ls
2024-04-27;0.5582;0.5438;0.5388;0.5352;NA;NA;NA;0.5501;NA;NA;0.4178;0.3667;194;ls
2024-05-05;0.0145;0.0334;0.0738;0.0708;NA;NA;NA;0.2106;NA;NA;0.1181;0.0796;194;ls
2024-05-29;0.0069;0.0156;0.0411;0.0324;NA;NA;NA;0.1879;NA;NA;0.0879;0.0465;132;ls
2024-06-06;0.0117;0.0171;0.0454;0.028;NA;NA;NA;0.2374;NA;NA;0.1092;0.0558;200;ls
2024-06-14;0.6463;0.637;0.6;0.5956;NA;NA;NA;0.6156;NA;NA;0.3228;0.307;194;ls
2024-06-22;-0.0036;0.0031;0.0168;0.0113;NA;NA;NA;0.0782;NA;NA;0.0315;0.0158;128;ls
2024-06-30;0.4465;0.4394;0.4443;0.433;NA;NA;NA;0.4835;NA;NA;0.4141;0.3386;194;ls
2024-07-08;0.5107;0.5236;0.4613;0.4737;NA;NA;NA;0.5583;NA;NA;0.3897;0.3226;194;ls
2024-07-16;0.0079;0.0133;0.0339;0.0204;NA;NA;NA;0.2104;NA;NA;0.0888;0.0414;192;ls
2024-07-24;0.5626;0.5523;0.5074;0.5025;NA;NA;NA;0.5206;NA;NA;0.1843;0.1302;194;ls
2024-08-01;0.0076;0.0131;0.0307;0.0211;NA;NA;NA;0.1966;NA;NA;0.0795;0.0361;64;ls
2024-08-09;0.0064;0.0141;0.0338;0.0264;NA;NA;NA;0.1843;NA;NA;0.0816;0.0431;128;ls
2024-08-17;0.4683;0.4733;0.4735;0.4739;NA;NA;NA;0.5493;NA;NA;0.4265;0.3993;194;ls
2024-08-25;0.0062;0.0109;0.0238;0.0153;NA;NA;NA;0.1653;NA;NA;0.0662;0.0288;64;ls
2024-09-02;0.0063;0.0111;0.0253;0.0182;NA;NA;NA;0.1663;NA;NA;0.0644;0.0284;68;ls
2024-09-10;0.0077;0.0107;0.0259;0.0168;NA;NA;NA;0.1864;NA;NA;0.071;0.0346;136;ls
2024-09-18;0.0057;0.0107;0.0243;0.0167;NA;NA;NA;0.1805;NA;NA;0.0675;0.0321;72;ls
2024-10-12;0.4547;0.4706;0.4925;0.5142;NA;NA;NA;0.6567;NA;NA;0.526;0.4581;194;ls
2024-10-20;0.0206;0.0289;0.0622;0.0555;NA;NA;NA;0.2213;NA;NA;0.1498;0.1285;194;ls
2024-10-28;0.0791;0.089;0.1228;0.1541;NA;NA;NA;0.2951;NA;NA;0.1605;0.1517;194;ls
2024-11-05;0.0133;0.0383;0.0879;0.0909;NA;NA;NA;0.2186;NA;NA;0.1436;0.1116;194;ls
2024-11-13;0.0014;0.0047;0.0141;0.0112;NA;NA;NA;0.1102;NA;NA;0.0409;0.0182;64;ls
2024-11-21;0.7116;0.7157;0.6737;0.6666;NA;NA;NA;0.6468;NA;NA;0.2495;0.2745;194;ls
2024-11-29;0.0019;0.0052;0.0147;0.0117;NA;NA;NA;0.1097;NA;NA;0.0404;0.0185;64;ls
2024-12-07;0.0189;0.0423;0.0903;0.099;NA;NA;NA;0.2731;NA;NA;0.1767;0.1437;194;ls
2024-12-15;NA;NA;NA;NA;NA;NA;NA;NA;NA;NA;NA;NA;NA;ls
2024-12-23;0.0073;0.008;0.0138;0.007;NA;NA;NA;0.1119;NA;NA;0.0295;0.0137;132;ls
