date;tratio;tdef;relawat
2019-01-01;1;0;0.983927699597282
2019-01-02;1;0;0.983589331492802
2019-01-03;1;0;0.973053492435176
2019-01-04;1;0;0.965437091505516
2019-01-05;1;0;0.979381220180079
2019-01-06;1;0;0.985798989577788
2019-01-07;1;0;0.975324889093385
2019-01-08;1;0;0.97490125455626
2019-01-09;1;0;0.975880495223983
2019-01-10;1;0;0.966434854479781
2019-01-11;1;0;0.956404419304798
2019-01-12;1;0;0.947642019058831
2019-01-13;1;0;0.978386066234145
2019-01-14;1;0;1.01228129777654
2019-01-15;1;0;1.00019547863306
2019-01-16;1;0;0.98564133063068
2019-01-17;1;0;1.00644547505414
2019-01-18;1;0;1.02081765966329
2019-01-19;1;0;1.01279167019563
2019-01-20;1;0;0.996486262409154
2019-01-21;1;0;0.981930883227195
2019-01-22;1;0;0.970439006786023
2019-01-23;1;0;0.971293375189992
2019-01-24;1;0;0.972677662229652
2019-01-25;1;0;0.96414835210293
2019-01-26;1;0;0.954217372715664
2019-01-27;1;0;0.969362889144803
2019-01-28;1;0;0.977186740396925
2019-01-29;1;0;0.975507237689162
2019-01-30;1;0;0.976524427926289
2019-01-31;1;0;0.977505131124164
2019-02-01;1;0;1.23466032538527
2019-02-02;1;0;1.25190864739787
2019-02-03;1;0;1.22565065246669
2019-02-04;1;0;1.11224107417805
2019-02-05;1;0;1.05367404248767
2019-02-06;1;0;1.00991320884415
2019-02-07;1;0;0.996935475660573
2019-02-08;1;0;0.997410799417709
2019-02-09;1;0;0.971263810038147
2019-02-10;1;0;1.03939617537094
2019-02-11;1;0;1.05999974502433
2019-02-12;1;0;1.03719158777482
2019-02-13;1;0;0.990614699112658
2019-02-14;1;0;0.948773349086348
2019-02-15;1;0;0.914219351263138
2019-02-16;1;0;0.885411345605098
2019-02-17;1;0;0.860184149194546
2019-02-18;1;0;0.838201543405269
2019-02-19;1;0;0.820369520912951
2019-02-20;1;0;0.803097810320536
2019-02-21;1;0;0.784173715239837
2019-02-22;1;0;0.769434963185719
2019-02-23;1;0;0.766852181110886
2019-02-24;1;0;0.748555696786562
2019-02-25;1;0;0.731037090690326
2019-02-26;1;0;0.711018360107932
2019-02-27;1;0;0.692702304160973
2019-02-28;1;0;0.674759131541948
2019-03-01;1;0;0.672044246334677
2019-03-02;1;0;0.671392906161172
2019-03-03;1;0;0.658929528680987
2019-03-04;1;0;0.789900616600089
2019-03-05;1;0;0.792484528159751
2019-03-06;1;0;0.806180981085956
2019-03-07;1;0;1.01889270892317
2019-03-08;1;0;1.12900311041343
2019-03-09;1;0;1.05893008087148
2019-03-10;1;0;1.01565219660703
2019-03-11;1;0;0.998931245250118
2019-03-12;1;0;0.985941910282016
2019-03-13;1;0;1.01159424057714
2019-03-14;1;0;1.04227252392268
2019-03-15;1;0;1.0649676600583
2019-03-16;1;0;0.98931963756239
2019-03-17;1;0;0.973887312012579
2019-03-18;1;0;1.20975939082795
2019-03-19;1;0;1.1103133763769
2019-03-20;1;0;1.06801622740375
2019-03-21;1;0;0.995066964201745
2019-03-22;1;0;0.933777808426198
2019-03-23;1;0;0.879167194095267
2019-03-24;1;0;0.835172581210856
2019-03-25;1;0;0.807647232050687
2019-03-26;1;0;0.804917179011395
2019-03-27;1;0;0.804645729513666
2019-03-28;1;0;0.801614449250536
2019-03-29;1;0;0.767490258324912
2019-03-30;1;0;0.736177957546121
2019-03-31;1;0;0.718985235482767
2019-04-01;1;0;0.74802719272345
2019-04-02;1;0;0.796467684612612
2019-04-03;1;0;1.07071793988874
2019-04-04;1;0;1.25128389054865
2019-04-05;1;0;1.23819823313304
2019-04-06;1;0;1.10628952736755
2019-04-07;1;0;1.04629946604502
2019-04-08;1;0;1.11880425940488
2019-04-09;1;0;1.15521694774226
2019-04-10;1;0;1.19226115969684
2019-04-11;1;0;1.18602630295226
2019-04-12;1;0;1.09164120390649
2019-04-13;1;0;1.14497579276032
2019-04-14;1;0;1.15144519186696
2019-04-15;1;0;1.06641211014803
2019-04-16;1;0;1.00887234611473
2019-04-17;1;0;0.943287978029134
2019-04-18;1;0;0.929098732623953
2019-04-19;1;0;0.875425002624735
2019-04-20;1;0;0.821141854992451
2019-04-21;1;0;0.776167710019516
2019-04-22;1;0;0.747368719783314
2019-04-23;1;0;1.15411326925455
2019-04-24;1;0;1.22313583353275
2019-04-25;1;0;1.1394455213706
2019-04-26;1;0;1.21341798660509
2019-04-27;1;0;1.12910021530227
2019-04-28;1;0;1.24812285306413
2019-04-29;1;0;1.16287958149571
2019-04-30;1;0;1.04179416527735
2019-05-01;1;0;0.950073196538889
2019-05-02;1;0;0.990243018434921
2019-05-03;1;0;1.21654424421303
2019-05-04;1;0;1.19625041453719
2019-05-05;1;0;1.2466430029457
2019-05-06;1;0;1.12786464844337
2019-05-07;1;0;1.07889647454889
2019-05-08;1;0;1.11168311091532
2019-05-09;1;0;1.10891020051945
2019-05-10;1;0;1.06556649872359
2019-05-11;1;0;1.2267813812684
2019-05-12;1;0;1.21090285162104
2019-05-13;1;0;1.09056817452194
2019-05-14;1;0;0.990388687929532
2019-05-15;1;0;0.971351149987594
2019-05-16;0.997777469963038;0.000437586555711772;0.939196034007662
2019-05-17;1;0;0.944073401353369
2019-05-18;1;0;1.09776532242108
2019-05-19;1;0;1.17781622632
2019-05-20;1;5.55111512312578e-17;1.19098597086502
2019-05-21;1;2.22044604925031e-16;1.12718748427914
2019-05-22;0.999673181510922;0.000505285289592372;1.01616925161198
2019-05-23;0.995764123949882;0.00862775056140164;0.894468230107416
2019-05-24;0.995061226385234;0.0124294298072551;0.782307972488316
2019-05-25;1;0;0.845838083604315
2019-05-26;0.998431087393509;0.00302268848566412;0.804726746137865
2019-05-27;1;0;0.917766751030929
2019-05-28;1;0;1.07416479584531
2019-05-29;1;0;1.1957371960755
2019-05-30;1;0;1.02564404900799
2019-05-31;0.997170456974768;0.00839480008458926;0.881608057932632
2019-06-01;0.995241186447091;0.0174923647968321;0.728143032140705
2019-06-02;0.99475993844151;0.0200793421637671;0.584746797603352
2019-06-03;0.99633278712054;0.0140090903900383;0.457119003881413
2019-06-04;1;0;0.406769376911794
2019-06-05;1;0;0.409061218054558
2019-06-06;1;0;0.515783646229362
2019-06-07;0.995398678258463;0.0165242991868331;0.389337925090795
2019-06-08;0.996236903447296;0.0148620757910876;0.258395923681331
2019-06-09;0.955542061509353;0.173416151030039;0.166527858040225
2019-06-10;0.959368893793782;0.124817246829255;0.119745363482722
2019-06-11;1;0;0.226316441346094
2019-06-12;1;0;0.57950556538125
2019-06-13;0.997141758090673;0.0119616315579378;0.435953046962646
2019-06-14;0.983981554523622;0.0810085447773723;0.265545495666078
2019-06-15;0.999831670537464;0.000519921564421821;0.231983809469789
2019-06-16;0.9975593112519;0.0076971478992931;0.187835245689861
2019-06-17;0.925389038800245;0.271616889160652;0.111767973745012
2019-06-18;0.836842118684494;0.454832973336699;0.0918784176148645
2019-06-19;0.763733175891725;0.678983171137129;0.0826681193511678
2019-06-20;0.859786568905068;0.2916093585685;0.121258226651207
2019-06-21;0.997192222803461;0.00443179078154632;0.214263662544064
2019-06-22;1;0;0.448381987454855
2019-06-23;0.995476437575937;0.0139133850332049;0.338794568954014
2019-06-24;0.988274712327621;0.0531895685516579;0.1784747842856
2019-06-25;0.692755349806529;1.51053987740839;0.0592315143726329
2019-06-26;0.17948473462888;4.66608406896702;0.0236437047834043
2019-06-27;0.0269638813899409;6.25164382017153;0.0162049533663157
2019-06-28;0.0151432529436861;5.87344642657832;0.0157732248211858
2019-06-29;0.00637035731180772;5.40519577356325;0.016713524927028
2019-06-30;0.0255836335755664;4.73566296234413;0.0198366405256483
2019-07-01;0.375106868588388;1.90415487604165;0.0571547465011604
2019-07-02;0.720366728071683;0.732471549792618;0.0933776019382421
2019-07-03;0.959295338918212;0.0786923184663613;0.120541517550262
2019-07-04;0.730370088465809;1.0191196381048;0.051831204730765
2019-07-05;0.211093148821288;3.82458808887294;0.0231296470959015
2019-07-06;0.1767876669245;3.23998358879163;0.0327639939713074
2019-07-07;0.414372304535478;1.8125586765326;0.051136409020976
2019-07-08;0.548651594622758;1.23437564424405;0.0430019742707865
2019-07-09;0.896250134427675;0.115408053136272;0.0976200784498815
2019-07-10;0.559719679498454;1.78102525429234;0.0384277092180656
2019-07-11;0.484047736109481;1.2453499683098;0.0405947271706744
2019-07-12;0.369463842259094;1.99001330960354;0.0365106131873078
2019-07-13;0.190939254926643;3.25705210478571;0.024052744206445
2019-07-14;0.340593149364269;1.88657591564429;0.045577210215449
2019-07-15;0.652908738641311;0.709107356713237;0.0519422414150676
2019-07-16;0.206524638233304;3.39946198978608;0.0198878996487916
2019-07-17;0.437171457752923;1.40485091691472;0.0638264878835273
2019-07-18;0.499513479869084;1.59877906854193;0.0339826099742522
2019-07-19;0.178796630442749;3.15864771215481;0.0247852078772427
2019-07-20;0.22709897671416;2.5666324475597;0.0350152379027356
2019-07-21;0.51855703509026;1.17008226728373;0.0645102090239388
2019-07-22;0.285462550661112;3.32476607837581;0.0239809640806383
2019-07-23;0.0612945590856939;4.44012387269973;0.0213448144916072
2019-07-24;0.168385352449372;3.27077877932782;0.0339002373418754
2019-07-25;0.433594113444627;1.5126355847287;0.0504809816153011
2019-07-26;0.547816964510578;1.35552786311269;0.0523244117407885
2019-07-27;0.942148061769694;0.0863546316307016;0.216125233472961
2019-07-28;1;0;0.354280785736712
2019-07-29;0.997523774176352;0.00489830182067297;0.330333435100028
2019-07-30;1;0;0.38851685500869
2019-07-31;1;0;0.463311411878196
2019-08-01;1;0;0.49227904219685
2019-08-02;1;0;0.754460945455047
2019-08-03;0.996908580021517;0.0111464287034799;0.614990827121423
2019-08-04;0.997453392150246;0.00922157972561788;0.491293899909052
2019-08-05;0.999777375804679;0.000563033312925398;0.463055055204355
2019-08-06;0.998433443032411;0.00418756194040748;0.407673909988629
2019-08-07;1;0;0.681115803853354
2019-08-08;0.999420747567191;0.00109186811938322;0.664302573994212
2019-08-09;0.998032838475554;0.00810105714099851;0.514222610720866
2019-08-10;0.997796405869991;0.00673085809680085;0.428734788390249
2019-08-11;0.999466514422096;0.00130195512963827;0.390999848458765
2019-08-12;1;0;0.513945364236027
2019-08-13;1;0;0.859720353922054
2019-08-14;0.999784125685328;0.000482177157503205;0.810552595157761
2019-08-15;0.999937865411952;9.07479442906478e-05;0.822104804090143
2019-08-16;0.998305697971342;0.00557276997958578;0.704056870957793
2019-08-17;0.997284526030992;0.00996620858907082;0.566291503734926
2019-08-18;0.996627994563738;0.0121986134107614;0.439363584872753
2019-08-19;1;0;0.565417958259615
2019-08-20;1;0;0.638381883812444
2019-08-21;1;0;0.978535875484267
2019-08-22;1;0;1.0953281316576
2019-08-23;1;0;1.1660606059039
2019-08-24;1;0;1.12043949046265
2019-08-25;1;0;1.03065025399657
2019-08-26;1;0;1.04341322946997
2019-08-27;0.999394346499205;0.00192402621866572;0.927375073625855
2019-08-28;0.999714504774452;0.000710036118368507;0.857498832632764
2019-08-29;1;0;0.869121079794894
2019-08-30;0.999916390172835;0.000155200881976736;0.861790971414712
2019-08-31;1;0;0.993682821985038
2019-09-01;1;2.22044604925031e-16;0.997400225848552
2019-09-02;1;1.11022302462516e-16;1.11811220501855
2019-09-03;0.999773883077634;0.000590505346279357;0.98877226850385
2019-09-04;0.999418556838389;0.00198490627370074;0.849291367653184
2019-09-05;0.99846809765048;0.0043852558165387;0.752513609788402
2019-09-06;1;0;0.846391534449638
2019-09-07;1;0;0.974519253532697
2019-09-08;1;0;1.24323345369334
2019-09-09;1;1.11022302462516e-16;1.13823398260663
2019-09-10;1;8.88178419700125e-16;1.02153164880267
2019-09-11;0.999722550338672;0.000650426897274681;0.933079542425608
2019-09-12;0.998916862476803;0.00287267654454659;0.822216621249483
2019-09-13;0.99801672062586;0.00664638817584073;0.691583781945843
2019-09-14;0.999223015040795;0.00159985167126386;0.62435013772451
2019-09-15;0.997189475139503;0.00818655318896511;0.51666106098554
2019-09-16;0.997674991491922;0.00695781304398047;0.411372698372661
2019-09-17;0.99895587179915;0.00276721465819429;0.325578662201235
2019-09-18;0.999939042572867;0.00012412813026863;0.275713329764803
2019-09-19;0.999584078493382;0.000850631513768185;0.224822353129827
2019-09-20;0.998692082795922;0.00309370053263436;0.141238382949901
2019-09-21;0.782708571256159;0.565733245000805;0.0678524078557733
2019-09-22;0.975832379356395;0.0241734002225715;0.0724624760885529
2019-09-23;1;0;0.262470220910627
2019-09-24;0.995762732049624;0.00557510894401902;0.216410040212349
2019-09-25;1;0;0.318565775996667
2019-09-26;0.996072792280878;0.00550072598375895;0.264628217643671
2019-09-27;0.99824488385724;0.00210793869304249;0.228866517019161
2019-09-28;0.998893771429706;0.00149530289320077;0.202814701753171
2019-09-29;0.999046069443051;0.00116840556692899;0.176594760542769
2019-09-30;0.997338401701506;0.00588435640136931;0.110529057188537
2019-10-01;1;0;0.140895000935365
2019-10-02;1;0;0.365575550336319
2019-10-03;0.995893396422933;0.0048910908925166;0.322018067471276
2019-10-04;0.997093607771047;0.00400974146037991;0.26976574463602
2019-10-05;0.998443151732005;0.00288360653978414;0.206617647243921
2019-10-06;1;0;0.230461865673719
2019-10-07;0.998765556659936;0.00181216480044633;0.193916020711176
2019-10-08;0.998839504511818;0.00179073927964635;0.137947061916039
2019-10-09;1;0;0.17421086655882
2019-10-10;0.998707916189424;0.00178189415798258;0.130495622164544
2019-10-11;0.963909475815009;0.0650454857837721;0.0681629782434301
2019-10-12;0.560338837533758;0.77335772275171;0.032810292377833
2019-10-13;0.193383091282768;1.3539601162804;0.0208376793003611
2019-10-14;0.043234247689476;1.66605367552892;0.0191192760502923
2019-10-15;0.956859846420516;0.0134197572114041;0.148001824401651
2019-10-16;1;0;0.252458879596199
2019-10-17;0.996596537164012;0.00353687026393912;0.218155005743011
2019-10-18;0.998160337844213;0.00142652404271471;0.200664531435328
2019-10-19;1;0;0.231013396743267
2019-10-20;0.998587770303843;0.00143097430492634;0.209347846746342
2019-10-21;0.999397796209001;0.000478059453562607;0.203625834103375
2019-10-22;0.997571715234847;0.00401712873742821;0.143044734650251
2019-10-23;0.997079562874599;0.00497978062181148;0.0815812561353536
2019-10-24;0.97998020905289;0.0228280426236274;0.053173866316275
2019-10-25;0.556700190365521;0.603153266058466;0.0261217602817006
2019-10-26;0.111721991783474;1.50754389500951;0.0186926882648826
2019-10-27;0.0147484630590003;1.56800039144574;0.0172795492958363
2019-10-28;0.675799281826599;0.156772517712366;0.0358319757783426
2019-10-29;1;0;0.140950636891371
2019-10-30;0.366372671670767;8.63314672367863e-17;0.209647157583968
2019-10-31;0.997956998695149;0.000947616195595358;0.209851057582104
2019-11-01;0.997865692141295;0.00146286816216268;0.190799710207675
2019-11-02;1;0;0.2154468926885
2019-11-03;1;0;0.745302015770127
2019-11-04;1;0;0.820918440489667
2019-11-05;1;2.77555756156289e-17;1.15604393460742
2019-11-06;1;0;1.21593008816409
2019-11-07;1;0;1.12682340958599
2019-11-08;1;0;1.24852860298745
2019-11-09;1;6.93889390390723e-18;1.15757664918561
2019-11-10;1;0;1.08700654419396
2019-11-11;1;0;1.11531071040384
2019-11-12;0.999923101371553;2.87752148259851e-06;1.25276533073413
2019-11-13;1;0;1.24732174114848
2019-11-14;1;0;1.11761385776358
2019-11-15;1;0;1.25121093105447
2019-11-16;1;1.38777878078145e-17;1.22374828020637
2019-11-17;1;0;1.2524553782515
2019-11-18;1;0;1.15407595310033
2019-11-19;1;0;1.22373954707074
2019-11-20;1;0;1.12488482595593
2019-11-21;1;2.77555756156289e-17;1.12548840918612
2019-11-22;1;0;1.10131974029326
2019-11-23;1;0;1.22344671601496
2019-11-24;1;0;1.22753077427204
2019-11-25;1;0;1.09798956426575
2019-11-26;1;0;1.04971639477877
2019-11-27;1;0;1.13968640644995
2019-11-28;1;0;1.09297627526039
2019-11-29;1;6.93889390390723e-18;1.04483130023326
2019-11-30;1;0;1.02283150907156
2019-12-01;1;0;1.09716619155932
2019-12-02;1;0;1.1394255058253
2019-12-03;1;0;1.0867920037461
2019-12-04;1;0;1.04849392764197
2019-12-05;1;0;1.01557021106335
2019-12-06;1;0;0.9973295522251
2019-12-07;1;0;0.98250719173514
2019-12-08;1;0;0.969640080823073
2019-12-09;1;0;0.962830864335289
2019-12-10;1;0;0.953938791570529
2019-12-11;1;0;0.939297910252447
2019-12-12;1;0;0.938062302590009
2019-12-13;1;0;0.942106451807684
2019-12-14;1;0;0.946224379569224
2019-12-15;1;0;0.950098070761013
2019-12-16;1;0;0.949500570120621
2019-12-17;1;0;1.00597777117493
2019-12-18;1;0;1.01703012151754
2019-12-19;1;0;1.22334243239813
2019-12-20;1;0;1.22674292500508
2019-12-21;1;0;1.25012687307954
2019-12-22;1;0;1.18903558138903
2019-12-23;1;0;1.10757198955761
2019-12-24;1;0;1.07891976500468
2019-12-25;1;0;1.05280627396045
2019-12-26;1;0;1.02856154823575
2019-12-27;1;0;1.0109257152397
2019-12-28;1;0;0.978123562886594
2019-12-29;1;0;0.947031966470189
2019-12-30;1;0;0.924723193398888
2019-12-31;1;0;0.905106584132104
2020-01-01;1;0;0.891317688131785
2020-01-02;1;0;0.882140046319455
2020-01-03;1;0;0.876620892100678
2020-01-04;1;0;0.874355736908931
2020-01-05;1;0;0.871225919083502
2020-01-06;1;0;0.855580452845071
2020-01-07;1;0;0.84243624531781
2020-01-08;1;0;0.830954612869048
2020-01-09;1;0;0.8217453624038
2020-01-10;1;0;0.812184427141086
2020-01-11;1;0;0.801719365949437
2020-01-12;1;0;0.792388044566969
2020-01-13;1;0;0.788356694059029
2020-01-14;1;0;0.785873908155653
2020-01-15;1;0;0.783551510607212
2020-01-16;1;0;0.777152905251716
2020-01-17;1;0;0.775251595402846
2020-01-18;1;0;0.870523695058379
2020-01-19;1;0;0.87059105838687
2020-01-20;1;0;0.867188242763644
2020-01-21;1;0;0.852078100536498
2020-01-22;1;0;0.836304764993392
2020-01-23;1;0;0.827763741034903
2020-01-24;1;0;0.816681813379076
2020-01-25;1;0;0.817410282609531
2020-01-26;1;0;0.817994552055884
2020-01-27;1;0;0.829227382656498
2020-01-28;1;0;0.894952557140378
2020-01-29;1;0;0.899162344787542
2020-01-30;1;0;0.899291934726899
2020-01-31;1;0;0.894577694251117
2020-02-01;1;0;0.889904110473647
2020-02-02;1;0;0.884625255327827
2020-02-03;1;0;0.864631254111932
2020-02-04;1;0;0.930574994849374
2020-02-05;1;0;0.946195717355269
2020-02-06;1;0;0.939056168722285
2020-02-07;1;0;0.915480640896463
2020-02-08;1;0;0.897677067047949
2020-02-09;1;0;0.894553593461852
2020-02-10;1;0;0.892420597619546
2020-02-11;1;0;0.889420682844813
2020-02-12;1;0;0.884123604649697
2020-02-13;1;0;0.895223596393587
2020-02-14;1;0;0.898150594473573
2020-02-15;1;0;0.872951268123543
2020-02-16;1;0;0.867663021960832
2020-02-17;1;0;0.858098397557014
2020-02-18;1;0;0.893040332516543
2020-02-19;1;0;0.952582888954064
2020-02-20;1;0;0.923736172211776
2020-02-21;1;0;0.916013499540272
2020-02-22;1;0;0.908873394485805
2020-02-23;1;0;0.871455698930128
2020-02-24;1;0;0.844580609430334
2020-02-25;1;0;0.864091021172526
2020-02-26;1;0;0.933735003185357
2020-02-27;1;0;0.936252890955085
2020-02-28;1;0;0.937976387528017
2020-02-29;1;0;0.938957822467484
2020-03-01;1;0;1.05140892770723
2020-03-02;1;0;1.24188937151847
2020-03-03;1;0;1.24343132724171
2020-03-04;1;0;1.11328608146196
2020-03-05;1;0;1.11576893327126
2020-03-06;1;0;1.20724515712629
2020-03-07;1;0;1.112021544925
2020-03-08;1;0;1.06905291213855
2020-03-09;1;0;1.06602208325706
2020-03-10;1;0;1.07991224774557
2020-03-11;1;0;1.00514248035473
2020-03-12;1;0;0.958851905348552
2020-03-13;1;0;0.936837778086342
2020-03-14;1;0;1.10949454569457
2020-03-15;1;0;1.07143791560916
2020-03-16;1;0;1.0100797788381
2020-03-17;1;0;0.950652623627294
2020-03-18;1;0;0.904567178844362
2020-03-19;1;0;0.863470558601421
2020-03-20;1;0;0.872198845424817
2020-03-21;1;0;0.944650540735564
2020-03-22;1;0;1.08454834540063
2020-03-23;1;0;1.06497933867552
2020-03-24;1;0;1.03966497443643
2020-03-25;1;0;1.03341681247577
2020-03-26;1;0;1.04612336003815
2020-03-27;1;0;1.01149714312033
2020-03-28;1;0;0.952513371189542
2020-03-29;1;0;0.960485570173083
2020-03-30;1;0;1.24333290152295
2020-03-31;1;0;1.1198742304858
2020-04-01;1;0;1.07395793448895
2020-04-02;1;0;1.00466109835834
2020-04-03;1;0;0.99008772539541
2020-04-04;1;0;0.940033640541522
2020-04-05;1;0;0.8873174983171
2020-04-06;1;0;0.84045375140917
2020-04-07;1;0;0.799030751639591
2020-04-08;1;0;0.761845384294154
2020-04-09;1;0;0.728377934612636
2020-04-10;1;0;0.696850047467723
2020-04-11;1;0;0.669601232228721
2020-04-12;1;0;0.647391416183913
2020-04-13;1;0;0.629720661895266
2020-04-14;1;0;0.618587376242857
2020-04-15;1;0;0.598300610228445
2020-04-16;1;0;0.580460297528001
2020-04-17;1;0;0.563505854886032
2020-04-18;1;0;0.547860677567339
2020-04-19;1;0;0.562925631598916
2020-04-20;1;0;0.651357213637612
2020-04-21;1;0;0.626953859797485
2020-04-22;1;0;0.602514179200739
2020-04-23;1;0;0.579965903681962
2020-04-24;1;0;0.561237526739532
2020-04-25;1;0;0.564818756490141
2020-04-26;1;0;0.587272807537048
2020-04-27;1;0;0.650968374783361
2020-04-28;1;0;0.761115870979536
2020-04-29;1;0;0.829668282931786
2020-04-30;1;0;1.00780229016035
2020-05-01;1;0;1.11349653060534
2020-05-02;1;0;1.1321111045226
2020-05-03;1;0;1.00765750754556
2020-05-04;1;0;0.938031003442731
2020-05-05;1;0;0.9466201172958
2020-05-06;1;0;0.895010018293099
2020-05-07;1;0;0.826531765922268
2020-05-08;1;0;0.769949678615313
2020-05-09;1;0;0.872515479956616
2020-05-10;1;0;0.907376135295593
2020-05-11;1;0;1.20949182956722
2020-05-12;1;0;1.14242351621206
2020-05-13;1;1.11022302462516e-16;1.14768826278484
2020-05-14;1;0;1.13822470589534
2020-05-15;1;1.11022302462516e-16;1.24346147419295
2020-05-16;1;0;1.18833962369601
2020-05-17;1;2.22044604925031e-16;1.18786876702392
2020-05-18;0.999693526763514;0.000709167381511389;1.02318371188503
2020-05-19;1;0;1.10043231025901
2020-05-20;0.9995575368257;0.00111848338714449;0.996622555619555
2020-05-21;0.996936002559491;0.00888870372801742;0.862025130773669
2020-05-22;0.994680176075039;0.0166575571529459;0.725816456817964
2020-05-23;1;0;0.767798128694333
2020-05-24;0.994613351145226;0.0178856919736687;0.638331518097343
2020-05-25;0.996531897134416;0.0117181803310658;0.518409010872741
2020-05-26;0.997217320397899;0.00946246861184497;0.395204394926661
2020-05-27;0.998518325509264;0.00575433697565186;0.256902575270079
2020-05-28;0.99878513086039;0.00371083844563458;0.16092059064167
2020-05-29;0.845992366310568;0.470901790584271;0.0712852522860968
2020-05-30;0.718601915790744;0.660836867913062;0.0625234648651941
2020-05-31;0.413481836584242;1.66975653460091;0.0272726855826654
2020-06-01;0.0765781785540073;3.71811691797293;0.0203473540123221
2020-06-02;0.154598379444896;3.14428298073469;0.0299496547793555
2020-06-03;0.271320393410051;2.50328573981117;0.0328190743013986
2020-06-04;1;0;0.303385950974174
2020-06-05;1;0;0.567402267237598
2020-06-06;1;0;0.653746284424353
2020-06-07;1;0;0.819855330240025
2020-06-08;1;0;1.18299816878907
2020-06-09;1;9.86076131526265e-32;1.22056438364421
2020-06-10;1;0;1.18312735467011
2020-06-11;1;3.33066907387547e-16;1.13505302297492
2020-06-12;0.999231169826271;0.00309039567089187;0.945615848924207
2020-06-13;0.998516702696059;0.00598471546042489;0.795742800380449
2020-06-14;1;0;0.82728156278373
2020-06-15;1;0;0.823104635100546
2020-06-16;1;0;0.814228239178364
2020-06-17;1;0;0.861175998386339
2020-06-18;1;0;0.916539464093032
2020-06-19;1;0;1.08250755367276
2020-06-20;0.99968093826244;0.00100342356965699;0.970078630433599
2020-06-21;0.997394912377124;0.00971962879442811;0.814383909612209
2020-06-22;0.995368758336647;0.0211356795452469;0.635817252135504
2020-06-23;0.995604032257829;0.0220017648005104;0.459866370254666
2020-06-24;1;0;0.47017442968099
2020-06-25;1;0;0.567001376959939
2020-06-26;0.999059674515183;0.00167637521888775;0.531186105427305
2020-06-27;0.995790722248852;0.0172937237034212;0.392982952232632
2020-06-28;0.999944029363511;0.000179472479925558;0.350212761870212
2020-06-29;1;0;0.54585530752356
2020-06-30;0.998990697504543;0.00139108739342775;0.508181621789398
2020-07-01;1;0;0.731007648805494
2020-07-02;0.999021959215967;0.00233873963266262;0.691386884308818
2020-07-03;1;0;0.763857842213028
2020-07-04;0.998362693893268;0.00654469805074331;0.618689129515553
2020-07-05;0.995453270386788;0.0221950765747083;0.438464811621016
2020-07-06;1;0;0.688199216957848
2020-07-07;0.99624759490752;0.0162197800976518;0.523880774388273
2020-07-08;0.995581400473659;0.0182690594232575;0.372007623056387
2020-07-09;0.99729899594963;0.0108715028375128;0.238597719668322
2020-07-10;0.978696683890153;0.069192390788051;0.184158350531784
2020-07-11;1;0;0.396596775481063
2020-07-12;0.994527595420937;0.0159916850827408;0.297132030817711
2020-07-13;0.997556817424083;0.00541934334496164;0.233535047044267
2020-07-14;1;0;0.231671810271429
2020-07-15;1;0;0.269693026587327
2020-07-16;0.998555501384862;0.00291509010237778;0.24591314126299
2020-07-17;0.99742700357916;0.00809976373353072;0.158087769784014
2020-07-18;0.808463647460415;0.679746271364887;0.0599598170048151
2020-07-19;0.54242904728598;1.23154785031134;0.0538069305725608
2020-07-20;0.261592368355676;3.04383185193892;0.0271340845672257
2020-07-21;0.318399234924899;2.10682681332076;0.0478725279813441
2020-07-22;0.679179865006729;0.694066222466093;0.0875553235575728
2020-07-23;0.65282378039983;1.18843875053619;0.057232420902775
2020-07-24;0.997441727352179;0.00227222101800295;0.160357280624982
2020-07-25;0.912238843979936;0.247253640908053;0.0748189084528821
2020-07-26;0.943703669967507;0.0846500736243925;0.128000937125295
2020-07-27;0.688922929336547;1.15927445210545;0.041121922800245
2020-07-28;0.21160478658456;3.32118937857469;0.0284578990986912
2020-07-29;0.662756370005314;0.533373746238239;0.1025256449975
2020-07-30;0.658359142679042;1.24377260813869;0.0516564107954766
2020-07-31;0.202212230429045;3.68376855267095;0.0227828900740565
2020-08-01;0.0967125158865494;4.13102331614649;0.0273318464829151
2020-08-02;0.91916187328731;0.104140634984558;0.240025367296191
2020-08-03;1;0;0.733585928986011
2020-08-04;1;0;0.762262245779426
2020-08-05;0.997061290921894;0.010177883045599;0.625458023997401
2020-08-06;0.997761653542387;0.00757844048836409;0.521898540510019
2020-08-07;0.994817122041642;0.0213172259299013;0.369644731474385
2020-08-08;0.976556584435265;0.105687969763356;0.212873807427502
2020-08-09;0.865103599855452;0.515955161623053;0.108338759261885
2020-08-10;0.723119821375439;0.802719569937418;0.0811612599082025
2020-08-11;0.481871358816362;1.85196405454832;0.0421818794280258
2020-08-12;0.491956218906852;1.21729390040671;0.065306683451456
2020-08-13;0.86492300484937;0.225856948000828;0.10664856201013
2020-08-14;0.999285362004072;0.00108904658909759;0.165426039078797
2020-08-15;0.881327264286881;0.403943153519415;0.0706015713253741
2020-08-16;0.764896709476342;0.462762958766281;0.0901918744948621
2020-08-17;1;0;0.167036611790763
2020-08-18;0.999819478143585;0.000237264817595451;0.179219551535164
2020-08-19;0.844648809556376;0.581743444222079;0.0657546233134869
2020-08-20;0.306457418887521;2.52674643876838;0.0257133815631427
2020-08-21;0.0840786894069937;3.35656595402412;0.0217260715110741
2020-08-22;0.587681580386635;0.705099898562744;0.102628624649538
2020-08-23;1;0;0.232695955576133
2020-08-24;1;0;0.38875311306146
2020-08-25;0.995971427869359;0.00904915114110016;0.306966134962699
2020-08-26;0.994707807885428;0.018444563915248;0.178560343860648
2020-08-27;0.999845882151925;0.000305983448549707;0.159168569489762
2020-08-28;1;0;0.241603001424595
2020-08-29;1;0;0.859836815297296
2020-08-30;1;0;1.25276533073413
2020-08-31;1;0;1.19092315122613
2020-09-01;1;0;1.1408986126696
2020-09-02;1;0;1.14135972887362
2020-09-03;1;8.88178419700125e-16;1.00888212182912
2020-09-04;0.99879084628247;0.00434533926399094;0.856239018694346
2020-09-05;0.998270552545848;0.00598460355779018;0.729608221352684
2020-09-06;1;0;0.919651150243706
2020-09-07;1;0;0.949156815239709
2020-09-08;0.999510109517465;0.00128004200589071;0.848945153554987
2020-09-09;0.998622780385597;0.00438322988883444;0.72513853762646
2020-09-10;1;0;0.722703217552795
2020-09-11;1;0;0.728290199159579
2020-09-12;0.998180913605729;0.00458064624620924;0.646941255145211
2020-09-13;0.996765840018776;0.0100880076402259;0.530582418852777
2020-09-14;0.996743165288381;0.0110228675143289;0.404914254749976
2020-09-15;0.998500133082567;0.0051116342703259;0.280880565550197
2020-09-16;0.997680942614089;0.00657564154695889;0.188142802490592
2020-09-17;0.935962927664551;0.170089170086385;0.113467336698937
2020-09-18;0.619142428285457;1.05149474418241;0.0529554462396409
2020-09-19;0.283441400709354;1.78682387284268;0.0282313702216735
2020-09-20;0.316842250949747;1.24387361959493;0.0411325073304968
2020-09-21;0.841209074388342;0.148631913302391;0.0769477528894625
2020-09-22;1;0;0.121608949827903
2020-09-23;1;0;0.197806152367595
2020-09-24;1;0;0.395519679903864
2020-09-25;0.874726647702023;3.07658690266786e-17;1.01537476434837
2020-09-26;1;1.11022302462516e-16;1.00263228235647
2020-09-27;1;2.22044604925031e-16;0.985935020045937
2020-09-28;1;0;1.03222930680198
2020-09-29;0.998867103027748;0.00205465110429692;0.941057805064693
2020-09-30;0.999039633412041;0.00200852722395428;0.849804364414686
2020-10-01;0.999316095539998;0.00125304335407339;0.7805959024532
2020-10-02;1;0;1.21177896509953
2020-10-03;1;2.08166817117217e-17;1.24217061145975
2020-10-04;1;0;1.17963116124226
2020-10-05;1;0;1.24558717669178
2020-10-06;1;0;1.12327274267537
2020-10-07;1;0;1.04203873737914
2020-10-08;0.998712883444706;0.00259602959193028;0.937002468202896
2020-10-09;0.999488740189846;0.00090915118451429;0.859257835362307
2020-10-10;1;0;0.944808181265238
2020-10-11;1;0;1.24207399655138
2020-10-12;1;0;1.12166925369066
2020-10-13;1;0;1.05885387587353
2020-10-14;1;0;1.01238454202495
2020-10-15;1;0;1.17333864058748
2020-10-16;1;0;1.10459409244492
2020-10-17;1;1.11022302462516e-16;1.03940348642726
2020-10-18;1;0;0.990413141480499
2020-10-19;0.999726921591319;0.000165303065484346;0.958504694840364
2020-10-20;0.999614737827823;0.000278938679315166;0.923237705702167
2020-10-21;0.999534628963243;0.000423499533321992;0.879202508234229
2020-10-22;0.998985297101055;0.00120222278401427;0.823102481450568
2020-10-23;1;0;0.825755073741784
2020-10-24;0.999892279335036;6.82558485382012e-05;0.813402528868427
2020-10-25;0.999163959122362;0.00071685821506795;0.781294906876412
2020-10-26;1;0;1.07539418838484
2020-10-27;1;0;1.23771715616646
2020-10-28;1;1.66533453693773e-16;1.09862298815121
2020-10-29;1;2.22044604925031e-16;1.02152616682508
2020-10-30;0.998790162201843;0.00142371435974087;0.949781505684514
2020-10-31;0.998989707743048;0.00141186587484898;0.877979132855831
2020-11-01;0.999287461599505;0.000668882553614303;0.829490993574715
2020-11-02;0.999110317532042;0.00084442054061018;0.782951936160107
2020-11-03;0.999513764211219;0.000434026794045694;0.747007588608241
2020-11-04;1;0;0.811439908532505
2020-11-05;0.999509495827016;0.000275308032981258;0.798330341107313
2020-11-06;0.999225852586258;0.000608070197075095;0.765674413545635
2020-11-07;0.998791690341146;0.00111156543468161;0.723887202496854
2020-11-08;0.998465775288896;0.00146111137782434;0.681307046822778
2020-11-09;0.9989323903719;0.000889081236301381;0.644720027670324
2020-11-10;0.998857707828025;0.000933663889733372;0.609206622948088
2020-11-11;0.999217759859814;0.000546444850853645;0.580701690064898
2020-11-12;0.999438250135306;0.000333335691923953;0.555592401613346
2020-11-13;0.999471156533109;0.000287689568223448;0.532920550043192
2020-11-14;0.999381845395512;0.000315772807735204;0.511335744364485
2020-11-15;0.999561322364221;0.000209402825995686;0.493752671475835
2020-11-16;1;0;0.588313352330957
2020-11-17;0.998569716674633;0.0006161344327546;0.566612550298198
2020-11-18;0.99899945666931;0.000569377592557707;0.541526689832544
2020-11-19;0.999558326708052;0.00021864723840237;0.529837793965137
2020-11-20;1;0;0.570077618032887
2020-11-21;0.999286116986792;0.000122905241048937;0.559970147827546
2020-11-22;0.999199335449114;0.000294849841876166;0.540402570794119
2020-11-23;0.999490594465322;0.000155307979911645;0.525509619019679
2020-11-24;0.999933762522453;1.62476705481973e-05;0.515091550887084
2020-11-25;0.999854713598386;3.65454368503881e-05;0.504224539944357
2020-11-26;0.999894344572765;2.1877821844124e-05;0.494994184198413
2020-11-27;0.999945678666689;8.41963604936158e-06;0.487877349613962
2020-11-28;0.999989666871861;1.27305769898056e-06;0.482595282571804
2020-11-29;1;0;0.479969370059825
2020-11-30;0.999996994314569;1.56833611750229e-07;0.477842577372618
2020-12-01;1;0;0.479243834806987
2020-12-02;1;0;0.724563653437249
2020-12-03;1;0;0.834626041171517
2020-12-04;1;0;1.10142860674129
2020-12-05;1;0;1.24813705742587
2020-12-06;1;0;1.25006971080644
2020-12-07;1;0;1.22741526795735
2020-12-08;1;0;1.24343729760099
2020-12-09;1;0;1.24678653358468
2020-12-10;1;0;1.1140182920551
2020-12-11;1;0;1.07737355646277
2020-12-12;1;0;1.05239228012773
2020-12-13;1;0;1.02799410217629
2020-12-14;1;0;1.0083862710462
2020-12-15;1;0;0.997720931496549
2020-12-16;1;0;1.00661793400593
2020-12-17;1;0;0.981856819100913
2020-12-18;1;0;0.968566345686822
2020-12-19;1;0;0.957467222747499
2020-12-20;1;0;0.947576555540773
2020-12-21;1;0;0.942780495220636
2020-12-22;1;0;0.928500050365397
2020-12-23;1;0;0.915157030945649
2020-12-24;1;0;0.993834194400225
2020-12-25;1;0;1.11487575518657
2020-12-26;1;0;1.08119199711895
2020-12-27;1;0;1.04911072122505
2020-12-28;1;0;1.0372324337423
2020-12-29;1;0;1.02863416095267
2020-12-30;1;0;1.02179881244886
2020-12-31;1;0;1.0162291094371
2021-01-01;1;0;1.01162964868032
2021-01-02;1;0;1.23942983762513
2021-01-03;1;0;1.20828125214821
2021-01-04;1;0;1.12234017215803
2021-01-05;1;0;1.09551266958588
2021-01-06;1;0;1.07115624142922
2021-01-07;1;0;1.05426387948907
2021-01-08;1;0;1.0418656929027
2021-01-09;1;0;1.03226446224669
2021-01-10;1;0;1.02473011910041
2021-01-11;1;0;1.0186291114681
2021-01-12;1;0;1.01361109243131
2021-01-13;1;0;1.00932285740933
2021-01-14;1;0;1.00580725537872
2021-01-15;1;0;1.00283797641157
2021-01-16;1;0;1.00032680735918
2021-01-17;1;0;0.998169249454955
2021-01-18;1;0;0.996347697696961
2021-01-19;1;0;0.994792708958936
2021-01-20;1;0;0.99343996643563
2021-01-21;1;0;1.01069571037518
2021-01-22;1;0;1.251757268194
2021-01-23;1;0;1.24313519833669
2021-01-24;1;0;1.12251623328125
2021-01-25;1;0;1.08679354573445
2021-01-26;1;0;1.06499198921228
2021-01-27;1;0;1.04970897438356
2021-01-28;1;0;1.03841594249694
2021-01-29;1;0;1.03397395725015
2021-01-30;1;0;1.03875919131308
2021-01-31;1;0;1.13648296370459
2021-02-01;1;0;1.09182042578281
2021-02-02;1;0;1.05760470234704
2021-02-03;1;0;1.03732000581003
2021-02-04;1;0;1.00251049160823
2021-02-05;1;0;0.977513464757487
2021-02-06;1;0;0.961401879337566
2021-02-07;1;0;1.24215121636851
2021-02-08;1;0;1.22201426041525
2021-02-09;1;0;1.13947656548175
2021-02-10;1;0;1.21467217652918
2021-02-11;1;0;1.1102630364943
2021-02-12;1;0;1.07843101602219
2021-02-13;1;0;1.05048189036687
2021-02-14;1;0;1.0262851461007
2021-02-15;1;0;1.00775401139504
2021-02-16;1;0;0.991986551210302
2021-02-17;1;0;0.999676516940883
2021-02-18;1;0;0.985655792064711
2021-02-19;1;0;0.972603867155315
2021-02-20;1;0;0.942123914787247
2021-02-21;1;0;0.916029731229779
2021-02-22;1;0;0.888278707439429
2021-02-23;1;0;0.857474900082697
2021-02-24;1;0;0.835117999381752
2021-02-25;1;0;0.810742602519414
2021-02-26;1;0;0.787308763486226
2021-02-27;1;0;0.777631605818111
2021-02-28;1;0;0.774893436044325
2021-03-01;1;0;0.756995951621263
2021-03-02;1;0;0.740566027935537
2021-03-03;1;0;0.723004153104908
2021-03-04;1;0;0.709521621409268
2021-03-05;1;0;0.715870006423267
2021-03-06;1;0;0.72062331407375
2021-03-07;1;0;0.719452339852604
2021-03-08;1;0;0.734996962751161
2021-03-09;1;0;0.764884690050408
2021-03-10;1;0;0.764890965142014
2021-03-11;1;0;0.767831690274477
2021-03-12;1;0;0.845083159693726
2021-03-13;1;0;0.893103106020509
2021-03-14;1;0;1.022913610484
2021-03-15;1;0;1.02438943300998
2021-03-16;1;0;1.01108375414768
2021-03-17;1;0;1.00119601722592
2021-03-18;1;0;0.990546536800278
2021-03-19;1;0;0.992981651966726
2021-03-20;1;0;0.980806394382634
2021-03-21;1;0;0.969589339626879
2021-03-22;1;0;0.959833900746506
2021-03-23;1;0;0.949457895857711
2021-03-24;1;0;0.901463327912726
2021-03-25;1;0;0.859821014891672
2021-03-26;1;0;0.827814426432825
2021-03-27;1;0;0.818212139414162
2021-03-28;1;0;0.813965290732389
2021-03-29;1;0;0.776249604431329
2021-03-30;1;0;0.740596141170551
2021-03-31;1;0;0.710273417615119
2021-04-01;1;0;0.683374050073185
2021-04-02;1;0;0.666167518269569
2021-04-03;1;0;0.664761759183459
2021-04-04;1;0;0.663467724452806
2021-04-05;1;0;0.663757303501348
2021-04-06;1;0;0.703561248018391
2021-04-07;1;0;0.708847885007532
2021-04-08;1;0;0.708151124437462
2021-04-09;1;0;0.709821733970141
2021-04-10;1;0;0.716528832441501
2021-04-11;1;0;0.856365282268021
2021-04-12;1;0;1.23931535811673
2021-04-13;1;0;1.21302606756844
2021-04-14;1;0;1.11698672142092
2021-04-15;1;0;1.11378917339965
2021-04-16;1;0;1.07754529955456
2021-04-17;1;0;1.04735229375088
2021-04-18;1;0;1.04759486248603
2021-04-19;1;0;1.0375777582487
2021-04-20;1;0;1.0390199398598
2021-04-21;1;0;1.05100085464008
2021-04-22;1;0;0.986919001895894
2021-04-23;1;0;0.916402635531318
2021-04-24;1;0;0.870952008709307
2021-04-25;1;0;0.827791973781212
2021-04-26;1;0;0.982170119016886
2021-04-27;1;0;0.954317346468424
2021-04-28;1;0;0.907240012214287
2021-04-29;1;0;1.01580326802422
2021-04-30;1;0;1.19567128122302
2021-05-01;1;0;1.21780962924135
2021-05-02;1;0;1.1712927875086
2021-05-03;1;0;1.04887579564106
2021-05-04;1;0;0.985986580375016
2021-05-05;1;0;1.10536397391583
2021-05-06;1;0;1.09181514197137
2021-05-07;1;0;1.14989807510341
2021-05-08;1;0;1.01954296197707
2021-05-09;1;0;0.922696473541978
2021-05-10;1;0;0.856661743100179
2021-05-11;1;0;1.10581648384526
2021-05-12;1;0;1.19556118834919
2021-05-13;1;0;1.15094392410855
2021-05-14;1;0;1.18092487987793
2021-05-15;1;0;1.19452368875275
2021-05-16;1;0;1.18072129667674
2021-05-17;1;0;1.15067926839431
2021-05-18;1;0;1.15515442020662
2021-05-19;1;0;1.18944236183043
2021-05-20;1;0;1.04987515282897
2021-05-21;0.998939431454885;0.000610774295700334;0.998005544130341
2021-05-22;1;0;1.15623201721752
2021-05-23;1;0;1.17800005874806
2021-05-24;1;0;1.24265692309593
2021-05-25;1;1.11022302462516e-16;1.18713729788831
2021-05-26;1;0;1.08014213677587
2021-05-27;1;0;1.15977316953756
2021-05-28;0.998566596023802;0.00340564453815695;0.994404385919447
2021-05-29;1;0;0.99958771706704
2021-05-30;0.996494980829814;0.00968067545854767;0.870977835762246
2021-05-31;0.997127731183278;0.00828522611748506;0.760290672803046
2021-06-01;0.999395035251628;0.00151917542316848;0.708721409365591
2021-06-02;0.999864083664073;0.000298776717292615;0.677629669293192
2021-06-03;0.998647500963189;0.00375297286461862;0.626357848959335
2021-06-04;1;0;0.711488904868937
2021-06-05;1;0;0.789846033454353
2021-06-06;1;0;0.846541353274008
2021-06-07;1;0;0.9782936049211
2021-06-08;1;6.66133814775094e-16;1.02392338007336
2021-06-09;1;2.22044604925031e-16;1.03720237461405
2021-06-10;1;4.44089209850063e-16;1.02651227559358
2021-06-11;1;0;1.00674206800015
2021-06-12;0.99819163897499;0.00716340664869231;0.842220007805665
2021-06-13;0.993996893876083;0.0311076447150995;0.63785133191428
2021-06-14;0.99557844078801;0.0216353936124722;0.461064204893671
2021-06-15;0.98878196955188;0.0519712431188237;0.3013022127672
2021-06-16;0.996028056326438;0.0136325697740474;0.211118342311592
2021-06-17;0.77494150619165;0.970892691569812;0.108301109697884
2021-06-18;0.757107580874525;0.626581762690924;0.070584943113545
2021-06-19;0.385239514784136;2.55278132273371;0.040540791386885
2021-06-20;0.525969048558244;1.25987049681641;0.0692498321842017
2021-06-21;0.445773642608301;2.17670313961391;0.0401819518692105
2021-06-22;0.209937916013858;3.29053720061859;0.0275188321183445
2021-06-23;0.28797995796334;2.49814547518918;0.0446883147209568
2021-06-24;0.271131254938507;2.95635774862174;0.030215417142949
2021-06-25;0.683109444525565;0.610996880657123;0.084482174859481
2021-06-26;0.434725317124994;2.42715102058009;0.0294346417352547
2021-06-27;0.177770289842295;3.19432629246391;0.029810379916445
2021-06-28;0.180359183337158;3.3759740683534;0.0295379494634476
2021-06-29;0.692183503896668;0.581279259135512;0.107700275400772
2021-06-30;1;0;0.238219560645211
2021-07-01;0.996979013206143;0.0075149524331759;0.200090147895681
2021-07-02;0.949486810167152;0.188181557399931;0.0977535694099838
2021-07-03;0.643777486016954;1.25865333429529;0.0499269827704844
2021-07-04;0.992443919113331;0.0084953348099952;0.367948616023936
2021-07-05;0.993361950509116;0.02315763313872;0.243670300493226
2021-07-06;0.939700889065007;0.26110309121661;0.101630596165608
2021-07-07;0.712802252982145;0.970635082768215;0.0739254373452067
2021-07-08;1;0;0.429904744108282
2021-07-09;0.998147169149808;0.00498444460105718;0.406326420171743
2021-07-10;0.998434879032577;0.00363308683622288;0.376438582776769
2021-07-11;0.997871444531023;0.00550901424305872;0.328948099541625
2021-07-12;0.995502683361208;0.0169846335765294;0.201649285673232
2021-07-13;1;0;0.534732310333511
2021-07-14;1;0;0.77909233535565
2021-07-15;0.999827564084255;0.000213486041439781;0.758454320856143
2021-07-16;0.999777485577057;0.00033939297542096;0.766159690144364
2021-07-17;0.998245956387401;0.00440976332628784;0.689697284063422
2021-07-18;0.997882865515619;0.00649634392784249;0.60349146714029
2021-07-19;0.994497440039653;0.0259438223797703;0.435270861930602
2021-07-20;0.99712302901929;0.0121253856745982;0.303427854045501
2021-07-21;0.958292494733562;0.172937236414313;0.175349153365654
2021-07-22;1;0;0.246890720393392
2021-07-23;0.944659019173978;0.208137061755807;0.131943906241756
2021-07-24;1;0;0.156034351036094
2021-07-25;1;0;0.202488929270576
2021-07-26;1;0;0.405349965654718
2021-07-27;1;0;0.705649223133078
2021-07-28;1;0;0.870758477032954
2021-07-29;0.999361041466163;0.00207943132368138;0.75420801062295
2021-07-30;1;0;0.809969531022899
2021-07-31;1;0;1.10983250868049
2021-08-01;1;0;1.24126313577343
2021-08-02;1;0;1.14918639259729
2021-08-03;1;2.22044604925031e-16;1.12916643728926
2021-08-04;1;0;1.22503088025287
2021-08-05;1;2.22044604925031e-16;1.22082694116681
2021-08-06;1;8.88178419700125e-16;1.02511930986888
2021-08-07;1;0;1.22856403797049
2021-08-08;1;5.55111512312578e-17;1.22013390486512
2021-08-09;1;0;1.07037959765327
2021-08-10;0.999365426785743;0.00225405156131808;0.928683370406959
2021-08-11;0.998584417121066;0.00554385222502152;0.785574065530361
2021-08-12;0.997835210805611;0.00912077676962575;0.633802085070768
2021-08-13;0.997407553816555;0.00976638213258019;0.509784971146919
2021-08-14;0.997242783488272;0.0112557154281827;0.366147411733823
2021-08-15;1;0;0.299151665862089
2021-08-16;1;0;0.611760996971403
2021-08-17;0.994321145463066;0.0216738072037082;0.466170245289867
2021-08-18;0.997476332841065;0.00726870107359412;0.38238844881605
2021-08-19;0.997679510856445;0.00594984450956515;0.295224444417187
2021-08-20;1;0;0.293568359923684
2021-08-21;0.997813976082294;0.00625508185741852;0.212488953875026
2021-08-22;1;0;0.467878432548057
2021-08-23;1;0;0.566077072202265
2021-08-24;0.997543699076915;0.00557722454828369;0.498030274296707
2021-08-25;0.999661537113733;0.000591087039243154;0.479770429036383
2021-08-26;0.996157125370367;0.0107693232199622;0.385908940963953
2021-08-27;0.997512523917558;0.00693756491800279;0.306717137335453
2021-08-28;1;0;0.309851104568323
2021-08-29;0.998317888989168;0.00421411503113722;0.245463257744191
2021-08-30;1;0;0.259423982038204
2021-08-31;0.998398233271275;0.00375087611127656;0.198051154318311
2021-09-01;0.880183043460705;0.417766518896779;0.0877275833449639
2021-09-02;0.636184898155801;0.857265047882116;0.0411261382680342
2021-09-03;0.196168836354185;2.28691611157093;0.0219017638880067
2021-09-04;0.267569531641483;1.54285799812069;0.0401372181663967
2021-09-05;0.413848554092044;1.37402129837875;0.0375380459656898
2021-09-06;0.294914860236324;1.6669669046056;0.0264871707141248
2021-09-07;0.161413275988202;2.16719429933001;0.0258633913293696
2021-09-08;0.133823060934214;2.0699570175607;0.0218674547098761
2021-09-09;0.039067117212947;2.90040972253908;0.0178802116562984
2021-09-10;0.0267408856229883;2.86860366318652;0.0200903417839783
2021-09-11;0.267205535097701;1.50189889034898;0.0365487201026859
2021-09-12;0.381056029203985;1.33430801252296;0.0333731139843471
2021-09-13;0.469367248944186;0.97145532804917;0.0454967152244627
2021-09-14;0.311862253508191;1.89605049637663;0.0244694948273251
2021-09-15;0.882513368712897;0.063932211441417;0.0859161470002441
2021-09-16;1;0;0.191566966223402
2021-09-17;1;0;0.21689314782524
2021-09-18;0.998303906488327;0.00257181624536362;0.195447787025795
2021-09-19;1;0;0.251381373712152
2021-09-20;0.998580314143874;0.00181075473646852;0.236638869997985
2021-09-21;0.996626483486247;0.00789502292326416;0.153887917502348
2021-09-22;0.994978568347484;0.010513947578338;0.0785609465193257
2021-09-23;0.565337242757444;1.03476470612565;0.0306085305469746
2021-09-24;0.100535737938476;2.66448357237073;0.0190369343278662
2021-09-25;0.0192749652004844;2.51386340105749;0.0181427192789571
2021-09-26;0.352458711073546;0.933106476863166;0.0380057855594856
2021-09-27;0.39941262471506;1.28288920995338;0.0305890616558419
2021-09-28;0.148491270074725;2.0982717756448;0.0194512562238186
2021-09-29;0.312133981873137;0.857871014524135;0.0346068569463883
2021-09-30;0.326661821877787;1.14444037904328;0.0227547620494757
2021-10-01;0.069462744034433;1.81447031748391;0.0174588474960232
2021-10-02;0.0284086413012635;1.59346773792677;0.0201541923014456
2021-10-03;0.207503607477971;0.637954607224969;0.0208225125318308
2021-10-04;0.899518312274054;0.0524586522644583;0.100201118632245
2021-10-05;1;0;0.486448348657058
2021-10-06;0.9468596191819;1.66911277958228e-17;0.854274376973482
2021-10-07;1;0;0.860705062284142
2021-10-08;0.999014272636274;0.00158434727828016;0.805906023274772
2021-10-09;0.998278326912637;0.00315543323668699;0.731684722985681
2021-10-10;0.998237616444063;0.00307853038216788;0.661299612587694
2021-10-11;0.997593179559913;0.00482019222576602;0.582204575073713
2021-10-12;0.999267141600781;0.000684100442652213;0.545956989050905
2021-10-13;0.99843214983319;0.00219612762009658;0.491796055444884
2021-10-14;0.998476855252859;0.0022561731039743;0.435289984990493
2021-10-15;0.998688725053557;0.00225478755233111;0.371433801020403
2021-10-16;0.999169706863706;0.00120543666787998;0.317977018813369
2021-10-17;0.999276277921314;0.00118704648496193;0.25827207638552
2021-10-18;0.999305871601375;0.00119076374507254;0.196047914105523
2021-10-19;0.999878122339406;0.000138128380150038;0.15875868667148
2021-10-20;0.999611532307901;0.00048888111669676;0.118725791567003
2021-10-21;1;0;0.130306715215553
2021-10-22;0.999429718562557;0.000702989961100853;0.0904980240160952
2021-10-23;0.948947877322313;0.0616632108426365;0.0497950057289786
2021-10-24;0.456290008839472;0.746729233093386;0.027428425254116
2021-10-25;0.186264191377867;0.89589197446808;0.0196552288369435
2021-10-26;0.0373521453818354;1.40452434949099;0.0171841910823507
2021-10-27;0.000153104808791891;1.32891016658524;0.01671565191922
2021-10-28;1.72123531060557e-21;1.38489428184996;0.016257825268876
2021-10-29;0;1.26465346120253;0.0159498771347234
2021-10-30;0.0062393039486657;0.980258565135426;0.0174389500309435
2021-10-31;0.0265455076391073;0.839306346242157;0.0172639988775861
2021-11-01;1;0;0.604498694336537
2021-11-02;1;0;0.768698753573348
2021-11-03;1;0;1.11209569500653
2021-11-04;1;2.46519032881566e-32;1.24403378980933
2021-11-05;1;0;1.10982921674653
2021-11-06;1;2.77555756156289e-17;1.05335415666374
2021-11-07;0.999320048767555;0.000467402967238351;0.987534050045324
2021-11-08;1;0;0.982038831894214
2021-11-09;0.999185803972599;0.000357654621855108;0.942704602048163
2021-11-10;0.999207917932462;0.00056160316411269;0.898894683910984
2021-11-11;0.998977881733654;0.000754910997203151;0.856090843930361
2021-11-12;0.999150122355238;0.000625472850543263;0.816514407919154
2021-11-13;1;0;0.832027885584855
2021-11-14;1;0;1.00632149861655
2021-11-15;1;0;0.992321499958903
2021-11-16;1;5.55111512312578e-17;1.00396530607509
2021-11-17;0.999961527205386;1.24339916994787e-05;0.979750355864607
2021-11-18;0.998896816707261;0.000412451046621964;0.943026107015948
2021-11-19;0.998423456959107;0.000779699641567821;0.896008762665537
2021-11-20;0.999337855126954;0.000331902708467835;0.859660641304609
2021-11-21;0.999764649668629;7.98392614796417e-05;0.837508444540696
2021-11-22;1;0;0.833214864193589
2021-11-23;0.999642303524874;7.56120069813071e-05;0.821553755652895
2021-11-24;0.999576259572695;9.41855951773485e-05;0.804882632609196
2021-11-25;1;0;0.84584210287795
2021-11-26;1;0;1.02532884797034
2021-11-27;1;3.46944695195361e-18;1.21911386560827
2021-11-28;1;0;1.22077672339061
2021-11-29;0.999999999999999;1.30104260698261e-18;1.12025419562042
2021-11-30;1;0;1.08541368083904
2021-12-01;1;0;1.06404545912704
2021-12-02;0.999731516107589;1.31452158812998e-06;1.17234487092174
2021-12-03;1;0;1.10459139606945
2021-12-04;1;0;1.07367601380313
2021-12-05;1;0;1.08785357263758
2021-12-06;1;0;1.06746059722365
2021-12-07;1;0;1.05169143180854
2021-12-08;1;0;1.03993399890087
2021-12-09;1;0;1.06665519341641
2021-12-10;1;0;1.05306897634315
2021-12-11;1;0;1.04111257785171
2021-12-12;1;0;1.03168969196283
2021-12-13;1;0;1.05608075206185
2021-12-14;1;0;1.04507801669458
2021-12-15;1;0;1.1286365372786
2021-12-16;1;0;1.12098427498175
2021-12-17;1;0;1.06046685504713
2021-12-18;1;0;1.01642656468741
2021-12-19;1;0;0.977898841004945
2021-12-20;1;0;0.963911978583663
2021-12-21;1;0;0.953256644036269
2021-12-22;1;0;0.943371221300432
2021-12-23;1;0;0.934281036073199
2021-12-24;1;0;0.925990518013412
2021-12-25;1;0;0.922568314297945
2021-12-26;1;0;0.92269304013661
2021-12-27;1;0;0.918358093236509
2021-12-28;1;0;0.929827345198028
2021-12-29;1;0;0.964881738513931
2021-12-30;1;0;0.946689806147242
2021-12-31;1;0;0.925125156928544
2022-01-01;1;0;0.902044274707674
2022-01-02;1;0;0.886666352369026
2022-01-03;1;0;0.880503566446386
2022-01-04;1;0;0.878851069871152
2022-01-05;1;0;1.2337748553498
2022-01-06;1;0;1.12204769403655
2022-01-07;1;0;1.07943407613114
2022-01-08;1;0;1.04898625079402
2022-01-09;1;0;1.03462673861345
2022-01-10;1;0;1.01562552656302
2022-01-11;1;0;0.997935169313096
2022-01-12;1;0;0.972035651936752
2022-01-13;1;0;0.946855756408007
2022-01-14;1;0;0.924476322986257
2022-01-15;1;0;0.905735828373895
2022-01-16;1;0;0.887499978838013
2022-01-17;1;0;0.881446285465171
2022-01-18;1;0;0.876034765849291
2022-01-19;1;0;0.871054764388245
2022-01-20;1;0;0.867823816899211
2022-01-21;1;0;0.863372607801559
2022-01-22;1;0;0.864443627282593
2022-01-23;1;0;0.860357431768901
2022-01-24;1;0;0.856239426595664
2022-01-25;1;0;0.852323776013613
2022-01-26;1;0;0.832771199599229
2022-01-27;1;0;0.815870048596952
2022-01-28;1;0;0.813731248234075
2022-01-29;1;0;0.811036205533979
2022-01-30;1;0;0.808188296182124
2022-01-31;1;0;0.817927985870463
2022-02-01;1;0;0.842859673711773
2022-02-02;1;0;0.905955776517962
2022-02-03;1;0;0.902321052011864
2022-02-04;1;0;0.897222426263431
2022-02-05;1;0;0.891803238013007
2022-02-06;1;0;0.890003164422144
2022-02-07;1;0;0.936342051641526
2022-02-08;1;0;0.941912622095169
2022-02-09;1;0;0.91173203449955
2022-02-10;1;0;0.891596435247277
2022-02-11;1;0;0.886356133505328
2022-02-12;1;0;0.870975681673455
2022-02-13;1;0;0.857299332466218
2022-02-14;1;0;0.855365365824187
2022-02-15;1;0;1.24607507458423
2022-02-16;1;0;1.11551975683001
2022-02-17;1;0;1.07112542275855
2022-02-18;1;0;1.04390206389762
2022-02-19;1;0;1.03284364624573
2022-02-20;1;0;1.01856629372577
2022-02-21;1;0;1.03340989380131
2022-02-22;1;0;1.02080157896442
2022-02-23;1;0;1.00357616186948
2022-02-24;1;0;0.987769209317223
2022-02-25;1;0;0.988088284315687
2022-02-26;1;0;0.975814368979738
2022-02-27;1;0;0.943943941400981
2022-02-28;1;0;0.93586799707149
2022-03-01;1;0;0.927859417918683
2022-03-02;1;0;0.899150617803137
2022-03-03;1;0;0.892346332620413
2022-03-04;1;0;0.893707893410678
2022-03-05;1;0;0.889878022004273
2022-03-06;1;0;0.885696070822303
2022-03-07;1;0;0.881215879655904
2022-03-08;1;0;0.87719824916753
2022-03-09;1;0;0.850093838940763
2022-03-10;1;0;0.824177203368762
2022-03-11;1;0;0.831303382738719
2022-03-12;1;0;0.830187954758483
2022-03-13;1;0;0.826823183385148
2022-03-14;1;0;0.823707878534151
2022-03-15;1;0;0.818485662175843
2022-03-16;1;0;0.787418624364928
2022-03-17;1;0;0.77700557894862
2022-03-18;1;0;0.76883795517213
2022-03-19;1;0;0.756821774173282
2022-03-20;1;0;0.757502261827967
2022-03-21;1;0;0.755419934177704
2022-03-22;1;0;0.731044761692407
2022-03-23;1;0;0.705582945939341
2022-03-24;1;0;0.680873936058554
2022-03-25;1;0;0.668290505211534
2022-03-26;1;0;0.647645591625742
2022-03-27;1;0;0.628392435807511
2022-03-28;1;0;0.612621048202432
2022-03-29;1;0;0.600971414194534
2022-03-30;1;0;0.72381966080578
2022-03-31;1;0;0.872186792227552
2022-04-01;1;0;1.16965824759562
2022-04-02;1;0;1.23810841187114
2022-04-03;1;0;1.12933982285163
2022-04-04;1;0;1.10735315630706
2022-04-05;1;0;1.06750082202924
2022-04-06;1;0;1.01113969563198
2022-04-07;1;0;0.956150574278102
2022-04-08;1;0;1.01659986267636
2022-04-09;1;0;1.04073113338212
2022-04-10;1;0;1.02176978428769
2022-04-11;1;0;0.958922618569004
2022-04-12;1;0;0.901200137924247
2022-04-13;1;0;0.849733248199266
2022-04-14;1;0;0.799895205910067
2022-04-15;1;0;0.766494945620463
2022-04-16;1;0;0.738303980321422
2022-04-17;1;0;0.736296614414148
2022-04-18;1;0;0.7358720687961
2022-04-19;1;0;0.738550213404783
2022-04-20;1;0;0.716702311543958
2022-04-21;1;0;0.700901260289741
2022-04-22;1;0;0.816533806666026
2022-04-23;1;0;0.944365728406566
2022-04-24;1;0;1.21705889957817
2022-04-25;1;0;1.16056418858689
2022-04-26;1;0;1.21354318817836
2022-04-27;1;0;1.1102665899632
2022-04-28;1;0;1.00394677339408
2022-04-29;1;0;0.930181380576077
2022-04-30;1;0;1.0229270842543
2022-05-01;1;0;1.04153517438417
2022-05-02;1;0;1.07413332219939
2022-05-03;1;0;1.06544191832075
2022-05-04;1;0;1.12578546564981
2022-05-05;1;0;1.12849863519709
2022-05-06;1;0;1.16901340121921
2022-05-07;1;0;1.15479176730892
2022-05-08;1;0;1.12348447107653
2022-05-09;1;0;1.09561614534052
2022-05-10;1;0;0.989438900077068
2022-05-11;1;0;0.909558182694037
2022-05-12;1;0;0.906829229949321
2022-05-13;1;0;1.05078275531703
2022-05-14;1;0;1.17401968328981
2022-05-15;1;0;1.04541290720881
2022-05-16;1;0;1.11464981499651
2022-05-17;0.996857984562603;0.00618905050229146;0.968449972371217
2022-05-18;0.998610911436882;0.00283987452835888;0.896837326528118
2022-05-19;0.996234338520019;0.00753575884678592;0.80224526549645
2022-05-20;0.994829245983957;0.0133301532612582;0.701110337848379
2022-05-21;0.995522069525926;0.0119523480900576;0.599285626951537
2022-05-22;1;0;0.633027345472297
2022-05-23;1;0;0.708076136115186
2022-05-24;1;0;0.772081871062792
2022-05-25;1;0;1.03405081492181
2022-05-26;1;0;1.04750285064125
2022-05-27;0.998792368173978;0.00392202595524083;0.928270396946559
2022-05-28;1;0;0.928515387874541
2022-05-29;1;0;0.982689305777895
2022-05-30;0.999652817966762;0.000637977131680678;0.935661459549491
2022-05-31;1;0;0.933331827081117
2022-06-01;1;0;0.956077566147711
2022-06-02;1;0;1.04433912145867
2022-06-03;1;0;1.15737950173982
2022-06-04;0.999676831806467;0.00121696087443901;0.983187675875034
2022-06-05;1;0;1.07072955655086
2022-06-06;0.999724620224257;0.000911483220227716;0.96603430353962
2022-06-07;1;0;1.08243491213641
2022-06-08;1;0;1.02533114855174
2022-06-09;1;0;1.17556575573313
2022-06-10;0.999216710610946;0.00321817617947673;0.966713501696733
2022-06-11;0.997303058339974;0.0132313792947425;0.768114432419568
2022-06-12;0.995119498926346;0.0254946576909223;0.571878636019158
2022-06-13;1;0;0.51954648237912
2022-06-14;0.996692254633441;0.0151659673858715;0.358181358139401
2022-06-15;0.999847000803738;0.000489744723945584;0.284184918290233
2022-06-16;0.921506973280685;0.341179639473607;0.152857210452096
2022-06-17;0.518113037817521;2.42898979312266;0.0584745125193292
2022-06-18;0.170202132613746;4.34049061672922;0.0261513978381846
2022-06-19;0.0662221699283901;4.49437407776288;0.0216983902766888
2022-06-20;0.287240015912928;2.65347215499813;0.045655782446822
2022-06-21;0.294706278947685;2.62924410034555;0.0270065038252802
2022-06-22;0.960718498789294;0.0405839682785273;0.277906900013707
2022-06-23;0.99880770673453;0.00251349283472724;0.27978164572621
2022-06-24;1;0;0.418517718013848
2022-06-25;0.994881519546355;0.0187599168173684;0.298371708493834
2022-06-26;0.983341432591281;0.07228632901273;0.152897170530494
2022-06-27;0.814963694322116;0.684739851998526;0.088091501933281
2022-06-28;1;0;0.304329456340417
2022-06-29;1;0;0.739099000331965
2022-06-30;0.999819654981703;0.000421167116005705;0.696046974153988
2022-07-01;1;0;0.847795937063263
2022-07-02;0.998788743136594;0.00490815145831114;0.701792105261466
2022-07-03;0.996312328452904;0.0179511913991144;0.52442512774524
2022-07-04;1;0;0.69197496254202
2022-07-05;0.998692414350041;0.0039666317789937;0.630236134340752
2022-07-06;0.997515427801698;0.00930711004256368;0.514968641817922
2022-07-07;1;0;0.592776142378531
2022-07-08;0.993526083586899;0.0308806262179946;0.412659051168486
2022-07-09;0.996435808857394;0.0156722528626005;0.25376652785484
2022-07-10;0.95950874746237;0.157342572546071;0.125516097748832
2022-07-11;0.659772951441592;1.25868237410467;0.0647366034969504
2022-07-12;0.282558142715111;3.14689407377874;0.0305924842670857
2022-07-13;0.0618676945933772;4.91184708304866;0.0171549014966918
2022-07-14;0.0557702829702887;3.40956382377868;0.0224555953795344
2022-07-15;0.583492223993694;0.9937434883536;0.0920107905932368
2022-07-16;0.600522507177299;1.5504991541642;0.0457731886837927
2022-07-17;0.264821204602763;2.89627164781092;0.0268944809862412
2022-07-18;0.180869217574073;3.25424162597667;0.0312931049073133
2022-07-19;0.104723439252071;3.58855019005765;0.0194622432659183
2022-07-20;0.210930960607043;2.65164155738667;0.0389159323893321
2022-07-21;0.526629993871646;1.46870185045983;0.0739129254078789
2022-07-22;0.666633070356216;1.05277737940409;0.0605606446196513
2022-07-23;0.521096949042163;1.6212587468252;0.0405661977566803
2022-07-24;0.211262524242477;3.00595380440689;0.0239489365864867
2022-07-25;0.677899341383094;0.585624990495004;0.132569588544181
2022-07-26;1;0;0.275807515180577
2022-07-27;0.997846426560377;0.00423611019565362;0.259398653840669
2022-07-28;1;0;0.315564300624178
2022-07-29;1;0;0.510610548525162
2022-07-30;0.998528912689465;0.00415945190906486;0.491074988033704
2022-07-31;0.993757500676079;0.024765544608166;0.338719276814576
2022-08-01;0.994305441506266;0.0230656870189723;0.212881404999713
2022-08-02;0.999715094270408;0.000759301510430355;0.171078997731506
2022-08-03;0.726212827101166;1.17613902882326;0.0603469580088084
2022-08-04;0.342392733924208;2.57886947920712;0.0365745577687873
2022-08-05;0.687177207980156;0.697098523317168;0.145839025991345
2022-08-06;1;0;0.26934727106223
2022-08-07;1;0;0.527205674105914
2022-08-08;1;0;0.656170511503613
2022-08-09;0.995798181290263;0.0163419542203549;0.506348401327649
2022-08-10;0.995482347953383;0.0161604260349328;0.374303484309441
2022-08-11;0.996481684503553;0.0117245630199063;0.259521997983843
2022-08-12;1;0;0.332794416247193
2022-08-13;0.995706845371103;0.013684759017182;0.219737459400081
2022-08-14;0.82887427481381;0.742503629360452;0.0898177156147784
2022-08-15;0.994576588516163;0.00646084332279351;0.291370430857696
2022-08-16;0.995886552180554;0.0093402403265479;0.232830614732519
2022-08-17;0.972898900167022;0.0952798684284182;0.114778082432115
2022-08-18;1;0;0.252217638631856
2022-08-19;1;0;0.37546133024339
2022-08-20;0.994863559827362;0.0135461023161998;0.292024646604944
2022-08-21;0.967361963780587;0.136377308071443;0.146961130505889
2022-08-22;0.648103477313218;1.43571352185211;0.0511728609785157
2022-08-23;0.233047373302065;2.83639813616722;0.0233258089777649
2022-08-24;0.0423411307333942;3.66548741551644;0.0171820843414718
2022-08-25;0.130014361829197;2.46883778145896;0.0294371656188332
2022-08-26;0.235389999875594;2.30042038045132;0.0294237699918787
2022-08-27;0.783111792944647;0.2569293363342;0.105749919752815
2022-08-28;1;0;0.179778182673208
2022-08-29;0.987521841298148;0.03353488379416;0.0939110310133471
2022-08-30;0.928716777768812;0.121360286703603;0.106079975446643
2022-08-31;1;0;0.125017292271981
2022-09-01;1;0;0.141887057944435
2022-09-02;0.996959409738999;0.00614226591988265;0.0872247683058633
2022-09-03;1;0;0.195431766692812
2022-09-04;0.994616119848395;0.0115862694190754;0.121927054391877
2022-09-05;0.862399339560325;0.355672587104134;0.0632765244210422
2022-09-06;0.893745791348344;0.12675797124258;0.126385654379674
2022-09-07;0.975867295519937;0.0497596012796371;0.0872386927407012
2022-09-08;1;0;0.30795663723744
2022-09-09;1;0;0.572934844572038
2022-09-10;0.998779840554867;0.00150776671451069;0.572574551908859
2022-09-11;0.995924934232219;0.0115861415205312;0.464740536920894
2022-09-12;0.995528465753652;0.0135742370969694;0.350379889125618
2022-09-13;0.997105646315167;0.00848690823110632;0.242590271425907
2022-09-14;1;0;0.23564210435598
2022-09-15;1;0;0.302718818108023
2022-09-16;1;0;0.383117864308859
2022-09-17;0.997730035046034;0.00257060676091192;0.36093401984641
2022-09-18;0.997211276674959;0.00679249532609294;0.273077994164439
2022-09-19;0.998737620750982;0.0033126503966292;0.177459617269123
2022-09-20;0.984002896477463;0.0383715797751325;0.0922885594302777
2022-09-21;0.663062231039568;0.744941819127743;0.0412455519327973
2022-09-22;0.2675054401394;1.53424601299228;0.0245084989705665
2022-09-23;0.0870725135198346;1.74973099441966;0.018534696229709
2022-09-24;0.522009064487321;0.281109422502065;0.0359729094315971
2022-09-25;0.97910197622692;0.0106196571584348;0.101018451710074
2022-09-26;1;0;0.144219581150184
2022-09-27;0.999158804724737;0.000992668852025425;0.142375802723106
2022-09-28;1;0;0.153137491740489
2022-09-29;1;0;0.323102418895693
2022-09-30;1;0;0.398808376850869
2022-10-01;0.997144304974902;0.00285009624814836;0.364062066447186
2022-10-02;0.996405912193803;0.00726038436963528;0.28963529472795
2022-10-03;0.997656028444082;0.00570568479020883;0.200776048915735
2022-10-04;0.998944136957199;0.00186142035721204;0.137389262347663
2022-10-05;0.933380110999721;0.141511892568535;0.0657844103788797
2022-10-06;0.398281990670108;1.55539532268315;0.0281574778183676
2022-10-07;0.100964015040372;2.03776124065747;0.019250355537701
2022-10-08;0.378675062905249;0.900410770378432;0.047515769049749
2022-10-09;0.986694833514557;0.0111866787767381;0.0552875540222248
2022-10-10;0.913826549914611;0.0862486837234453;0.0354182081183844
2022-10-11;0.463640128616166;0.756782452237422;0.0315221662612101
2022-10-12;0.659174987625814;0.336152956265171;0.0503120200952829
2022-10-13;0.84429638604507;0.182179058919354;0.0543709574879081
2022-10-14;0.712349556776767;0.387934755782193;0.0330419863630033
2022-10-15;0.49375777483259;0.474203109111179;0.0222249382906492
2022-10-16;0.0759158749152544;1.3450027249111;0.0177014346657977
2022-10-17;0.0065414036079674;1.69263098955111;0.0167138934710719
2022-10-18;0.00112689409029826;1.97772627975341;0.0159670765508197
2022-10-19;0.000667035854479181;1.81574097906075;0.0154574169282646
2022-10-20;0.00677978060259288;1.28762737998113;0.0154513700587571
2022-10-21;0.361958521217323;0.398061269794948;0.0263754275712619
2022-10-22;1;0;0.359863307408576
2022-10-23;0.995955848398158;0.00272909190703452;0.332889349485803
2022-10-24;1;0;0.468606125249089
2022-10-25;1;0;0.53654853054853
2022-10-26;0.998554773978224;0.00110901678998909;0.518724809281035
2022-10-27;0.997634201096964;0.0034086026525042;0.461658757983247
2022-10-28;0.997087889600955;0.00474673663589753;0.396347035863557
2022-10-29;0.997298455622614;0.004477070376665;0.33238783788795
2022-10-30;0.997950235421566;0.00333172961549644;0.2713132490617
2022-10-31;0.998825488930873;0.00164491949532453;0.219845642248212
2022-11-01;0.999977098110418;2.14193369348914e-05;0.199077146363777
2022-11-02;1;0;0.192384809834184
2022-11-03;1;0;0.257924048710398
2022-11-04;1;0;1.02346801775529
2022-11-05;0.999999999999999;3.33066907387547e-16;0.989936336691404
2022-11-06;0.999332379829012;0.000479059651514735;0.947570314020494
2022-11-07;0.999380218261757;0.000539656323472748;0.907802028929319
2022-11-08;0.999211355311286;0.000591293568983908;0.866365942567476
2022-11-09;0.99925567544033;0.000528131101278362;0.827929075998791
2022-11-10;1;0;0.959181057929816
2022-11-11;0.998447765997505;0.00121861107198085;0.911163653469978
2022-11-12;0.999219146743453;0.000567659213461136;0.870128691792737
2022-11-13;0.999300161939204;0.000464312081098317;0.842342134437397
2022-11-14;1;0;0.926631724908595
2022-11-15;0.999102998974855;0.000338403902565787;0.90369490162145
2022-11-16;1;0;0.935791395457227
2022-11-17;0.999725193122261;4.69045470922191e-05;0.933232502624647
2022-11-18;1;0;0.938818309447319
2022-11-19;0.999361082049825;0.000222431399586609;0.911008479996231
2022-11-20;0.999420229921605;0.000168295110648697;0.887729130610077
2022-11-21;0.999949566351351;1.13524540814314e-05;0.880939247405577
2022-11-22;1;0;1.24541989719189
2022-11-23;1;0;1.12983190696201
2022-11-24;1;3.46944695195361e-18;1.07931479201259
2022-11-25;1;0;1.03681698510564
2022-11-26;1;0;1.01382183044564
2022-11-27;1;0;0.995723395812661
2022-11-28;1;0;1.01231152206393
2022-11-29;0.999378423249469;4.38918632892672e-06;1.07360298481822
2022-11-30;1;1.73472347597681e-18;1.05528826035506
2022-12-01;1;3.46944695195361e-18;1.04360817492568
2022-12-02;1;8.67361737988404e-19;1.10794175527463
2022-12-03;1;0;1.14826874492792
2022-12-04;1;0;1.24234319250532
2022-12-05;1;0;1.22163625269365
2022-12-06;1;0;1.11285285578751
2022-12-07;1;0;1.06953483970278
2022-12-08;1;0;1.04092357866222
2022-12-09;1;0;1.08985284116358
2022-12-10;1;0;1.17588313085072
2022-12-11;1;0;1.12461252699464
2022-12-12;1;0;1.08845363343478
2022-12-13;1;0;1.06611814157027
2022-12-14;1;0;1.05063985844088
2022-12-15;1;0;1.07071824473804
2022-12-16;1;0;1.21821614458631
2022-12-17;1;0;1.12826220383252
2022-12-18;1;0;1.07893771410753
2022-12-19;1;0;1.03582780927127
2022-12-20;1;0;0.99986075252688
2022-12-21;1;0;0.993809784919384
2022-12-22;1;0;0.979745082126395
2022-12-23;1;0;0.975656859781151
2022-12-24;1;0;0.964411552243671
2022-12-25;1;0;0.953628991729545
2022-12-26;1;0;0.944234107413507
2022-12-27;1;0;0.937170609086155
2022-12-28;1;0;0.932190541732623
2022-12-29;1;0;0.920678624092274
2022-12-30;1;0;0.92416792908366
2022-12-31;1;0;0.910078565987442
2023-01-01;1;0;0.896807940805164
2023-01-02;1;0;0.885269281619263
2023-01-03;1;0;0.884615752043094
2023-01-04;1;0;0.873013991424752
2023-01-05;1;0;0.854349298215461
2023-01-06;1;0;0.841688072256779
2023-01-07;1;0;0.834557927742076
2023-01-08;1;0;0.978851553040583
2023-01-09;1;0;1.23213979784349
2023-01-10;1;0;1.1134569076175
2023-01-11;1;0;1.09517489922026
2023-01-12;1;0;1.06806797298587
2023-01-13;1;0;1.04361071520967
2023-01-14;1;0;1.02110661048673
2023-01-15;1;0;1.08401135697865
2023-01-16;1;0;1.1583367855527
2023-01-17;1;0;1.13106264596257
2023-01-18;1;0;1.11210873688374
2023-01-19;1;0;1.08179259265196
2023-01-20;1;0;1.06169593745221
2023-01-21;1;0;1.04736105051961
2023-01-22;1;0;1.03647972913614
2023-01-23;1;0;1.02807475121772
2023-01-24;1;0;1.03477737149181
2023-01-25;1;0;1.10327264346197
2023-01-26;1;0;1.07957002215699
2023-01-27;1;0;1.05992852345597
2023-01-28;1;0;1.04607465727403
2023-01-29;1;0;1.03544290541143
2023-01-30;1;0;1.02711329035767
2023-01-31;1;0;1.02046391379616
2023-02-01;1;0;1.01513069471145
2023-02-02;1;0;1.01663209995817
2023-02-03;1;0;1.06078495231875
2023-02-04;1;0;1.07733057159652
2023-02-05;1;0;1.04918928591516
2023-02-06;1;0;1.03423355883492
2023-02-07;1;0;1.01408134549201
2023-02-08;1;0;0.996972291901505
2023-02-09;1;0;0.982182466634423
2023-02-10;1;0;0.951542913534629
2023-02-11;1;0;0.91944836651028
2023-02-12;1;0;0.892471229429787
2023-02-13;1;0;0.869029309394901
2023-02-14;1;0;0.842325099849755
2023-02-15;1;0;0.820084097007331
2023-02-16;1;0;0.804628427679146
2023-02-17;1;0;0.783919569610329
2023-02-18;1;0;0.763228200037362
2023-02-19;1;0;0.744089135904067
2023-02-20;1;0;0.726598400387333
2023-02-21;1;0;0.711656658673935
2023-02-22;1;0;0.701848461381984
2023-02-23;1;0;0.71079139754353
2023-02-24;1;0;0.735726048479349
2023-02-25;1;0;0.752399447579597
2023-02-26;1;0;0.785021939389161
2023-02-27;1;0;0.791064299249634
2023-02-28;1;0;0.78946974790735
2023-03-01;1;0;0.852376438179107
2023-03-02;1;0;0.876821386299121
2023-03-03;1;0;0.887065837161636
2023-03-04;1;0;0.882866360832461
2023-03-05;1;0;0.898271458042828
2023-03-06;1;0;0.971339166958912
2023-03-07;1;0;1.01737471702441
2023-03-08;1;0;1.02299110193987
2023-03-09;1;0;1.03575580923007
2023-03-10;1;0;1.06926084564109
2023-03-11;1;0;1.04548225566132
2023-03-12;1;0;1.02961959503003
2023-03-13;1;0;1.01206022004556
2023-03-14;1;0;1.22228344296958
2023-03-15;1;0;1.11289347821877
2023-03-16;1;0;1.06963637473458
2023-03-17;1;0;1.04067670186413
2023-03-18;1;0;0.985410141882855
2023-03-19;1;0;0.972642309904814
2023-03-20;1;0;0.946139747450467
2023-03-21;1;0;0.90006466792456
2023-03-22;1;0;0.866947490317487
2023-03-23;1;0;0.831169271821632
2023-03-24;1;0;0.832788458692511
2023-03-25;1;0;0.902706370958601
2023-03-26;1;0;1.100240773196
2023-03-27;1;0;1.08685228174677
2023-03-28;1;0;1.05449153476084
2023-03-29;1;0;1.03928854205606
2023-03-30;1;0;1.00996053746175
2023-03-31;1;0;1.0788307990928
2023-04-01;1;0;1.04211125989626
2023-04-02;1;0;0.99473810433827
2023-04-03;1;0;0.978306731216432
2023-04-04;1;0;0.929312557319234
2023-04-05;1;0;0.921846525292727
2023-04-06;1;0;0.92249011524048
2023-04-07;1;0;0.936138452354683
2023-04-08;1;0;0.954483104232442
2023-04-09;1;0;0.953258023454818
2023-04-10;1;0;0.944750550639813
2023-04-11;1;0;0.899917677144462
2023-04-12;1;0;0.931880145483429
2023-04-13;1;0;1.24033623828986
2023-04-14;1;0;1.13259822308794
2023-04-15;1;0;1.05234415703754
2023-04-16;1;0;1.02985562169426
2023-04-17;1;0;0.95912199116043
2023-04-18;1;0;0.902281561043603
2023-04-19;1;0;0.902438228970734
2023-04-20;1;0;1.18937640757212
2023-04-21;1;0;1.18460635139688
2023-04-22;1;0;1.05371605765821
2023-04-23;1;0;1.08215287411929
2023-04-24;1;0;1.21697257111747
2023-04-25;1;0;1.10269556778497
2023-04-26;1;0;1.07390213660703
2023-04-27;1;0;1.03392819675904
2023-04-28;1;0;1.02576609677808
2023-04-29;1;0;0.962010222397125
2023-04-30;1;0;0.993716456895128
2023-05-01;1;0;1.03286094213392
2023-05-02;1;0;1.19492352619545
2023-05-03;1;0;1.0808001064923
2023-05-04;1;0;0.98028322547474
2023-05-05;1;0;0.92606136058797
2023-05-06;1;0;0.972507845735952
2023-05-07;1;0;1.1172290895282
2023-05-08;1;0;1.21009220005019
2023-05-09;1;0;1.15178120764539
2023-05-10;1;0;1.24573360026358
2023-05-11;1;0;1.24714920309761
2023-05-12;1;0;1.18541748032933
2023-05-13;1;0;1.12427091613386
2023-05-14;1;2.77555756156289e-17;1.12761274022618
2023-05-15;1;1.11022302462516e-16;1.04482883767989
2023-05-16;1;0;1.19755834033175
2023-05-17;1;0;1.07528935325544
2023-05-18;0.999183437198002;0.000776114002774997;1.00644552093516
2023-05-19;0.999328275267532;0.000603563051214895;0.976107384381351
2023-05-20;0.999676943739355;0.000344649114386808;0.959307353699001
2023-05-21;0.998250671867169;0.00300110372205742;0.910881432755944
2023-05-22;0.995760541278632;0.0100979950990392;0.805147773454322
2023-05-23;1;0;0.868164046907907
2023-05-24;1;0;1.12968811487943
2023-05-25;1;0;1.08907662656478
2023-05-26;0.999574830683796;0.00117986769846867;0.985307171339526
2023-05-27;0.999983594635714;3.81551669281777e-05;0.956615731171721
2023-05-28;1;0;1.01971056158154
2023-05-29;1;0;1.01879384714722
2023-05-30;0.999313881037999;0.00161472779591643;0.956841218925479
2023-05-31;0.99773747711112;0.00661071631740784;0.845213591396333
2023-06-01;0.99855790468339;0.0041480097753821;0.763575034774217
2023-06-02;0.999302060008224;0.00209267519629019;0.704239073396809
2023-06-03;1;0;0.876570807475437
2023-06-04;1;0;1.03904296553568
2023-06-05;1;5.20417042793042e-18;1.15925688828336
2023-06-06;1;0;1.13178671193047
2023-06-07;1;0;1.04971511940314
2023-06-08;1;0;1.02447948257332
2023-06-09;0.999792502326168;0.00060032465248705;0.947194201480021
2023-06-10;0.999885691578796;0.000279326662979251;0.908383421519053
2023-06-11;0.99961032794502;0.000992213241003181;0.86573423183475
2023-06-12;0.999945029156656;0.000127656558220668;0.842598815453995
2023-06-13;1;0;0.916071560066332
2023-06-14;1;0;0.979680621605707
2023-06-15;0.999638141741771;0.00112519177600268;0.902869333959363
2023-06-16;0.998276929478237;0.00683318843954606;0.758184931668306
2023-06-17;0.995186804746727;0.0218964533120456;0.586873158199911
2023-06-18;0.997903272732393;0.00735223211516223;0.4819482266023
2023-06-19;1;0;0.473769732327006
2023-06-20;0.99724130278872;0.00981403964878425;0.364522143606071
2023-06-21;0.926981435199338;0.367374470962504;0.210961082518547
2023-06-22;0.825299660646194;0.707166195245051;0.132789225044958
2023-06-23;1;0;0.153675787883768
2023-06-24;0.694182313048941;1.27805609910021;0.0491029566905391
2023-06-25;0.14019631666214;4.47817674138802;0.0220464307753186
2023-06-26;0.023451082501506;4.78408628279828;0.0166744379101841
2023-06-27;0.586531772738941;0.706171316626173;0.0791004516472426
2023-06-28;0.558010335749618;1.37656741442851;0.0265334985278392
2023-06-29;0.10367157971447;2.93297151727105;0.020541418190032
2023-06-30;0.813643170726019;0.255949381133413;0.141684240799919
2023-07-01;1;0;0.249665194511618
2023-07-02;1;0;0.316180192277301
2023-07-03;1;0;0.591102841952223
2023-07-04;0.999749519011723;0.000266765298518656;0.629199282639357
2023-07-05;1;0;0.697357532935415
2023-07-06;0.999956844500365;4.34383018204088e-05;0.736916261834353
2023-07-07;0.997646496634942;0.0105521343595711;0.569267602431355
2023-07-08;0.999044102359743;0.00282840799528916;0.509687316048821
2023-07-09;0.994912868679042;0.022606483410355;0.351869350205961
2023-07-10;0.990171929424044;0.0412756737103477;0.240162634860297
2023-07-11;0.972277755261448;0.0951936319467803;0.170043641925679
2023-07-12;1;0;0.401491145253064
2023-07-13;1;0;0.724282212146661
2023-07-14;0.998884145848041;0.00331591546137444;0.6168754464115
2023-07-15;0.997568233667905;0.0106573214546533;0.464093919480569
2023-07-16;0.996240086838495;0.0151433232993465;0.342369561560993
2023-07-17;0.986879128368794;0.0556545206180346;0.217609408730904
2023-07-18;0.997713947400237;0.00619634521523116;0.196193381315612
2023-07-19;0.998756307192146;0.00357049415967792;0.158889399577128
2023-07-20;1;0;0.23704221933804
2023-07-21;1;0;0.460656274823385
2023-07-22;1;0;0.558614692971536
2023-07-23;0.999703100654399;0.000539690799539416;0.54710772654115
2023-07-24;1;0;0.696029768078637
2023-07-25;1;0;0.870365837539423
2023-07-26;0.998108352595064;0.00589391165856945;0.762270094751818
2023-07-27;0.996048513374047;0.0149010864017938;0.614008588079659
2023-07-28;0.99717630574505;0.00946123295077195;0.500333666144758
2023-07-29;1;0;0.574185066266673
2023-07-30;1;0;0.632691107829001
2023-07-31;0.999820740424732;0.000360416588317314;0.624422097571331
2023-08-01;1;0;0.874355116691743
2023-08-02;1;0;0.88415865164063
2023-08-03;1;2.22044604925031e-16;1.20023303989156
2023-08-04;1;1.38777878078145e-17;1.23941606893585
2023-08-05;1;0;1.21514962997984
2023-08-06;1;8.88178419700125e-16;1.04414650877323
2023-08-07;0.997148639628093;0.0102907456288541;0.878576043692841
2023-08-08;0.997687609928103;0.00770334780984294;0.745236634042492
2023-08-09;1;0;0.715095992309697
2023-08-10;0.997395343526894;0.00776211266053606;0.605128556578495
2023-08-11;0.995637651659731;0.0192859894885711;0.443687489553778
2023-08-12;0.998570900514898;0.00455484354632185;0.340704201088934
2023-08-13;0.98167814115677;0.0673206748197197;0.235260063510688
2023-08-14;0.901151419661504;0.339317372516581;0.163821849389852
2023-08-15;0.888306108575498;0.303833754917882;0.155812864299473
2023-08-16;0.926305848457734;0.207390797000217;0.101066348121118
2023-08-17;0.753279137003985;0.688715835816216;0.0939183502451415
2023-08-18;0.634878028242527;1.15437551617779;0.0585478930435288
2023-08-19;0.204668743835835;3.80912906876596;0.024118482056464
2023-08-20;0.073253069495915;4.15801395926717;0.021417507132796
2023-08-21;0.0319390099558987;4.39733223210832;0.018184766755785
2023-08-22;0.043199177504243;3.90259219051893;0.022038279596284
2023-08-23;0.172331448959832;2.76718890277331;0.0322416935594149
2023-08-24;0.179374000924653;3.16943095961135;0.0255953297941686
2023-08-25;0.440751594541479;1.46179062131348;0.0634945361094128
2023-08-26;0.784363465058252;0.42667218231276;0.106828523028758
2023-08-27;1;0;0.444224984163959
2023-08-28;1;0;1.22708905120663
2023-08-29;1;0;1.15709878824665
2023-08-30;1;0;1.11226657695798
2023-08-31;1;0;1.0153892398939
2023-09-01;0.999856967751491;0.000292845994632973;0.953847994766842
2023-09-02;0.999201473868345;0.00243805680811793;0.838117926694111
2023-09-03;0.997651374149308;0.00810946841917737;0.701509737809594
2023-09-04;0.996079827938947;0.0142043863611905;0.567412745326955
2023-09-05;0.997442247961641;0.00880614353443443;0.44640112720354
2023-09-06;0.996518547216354;0.0133366496990428;0.307373441377457
2023-09-07;0.909270724026674;0.347720659270315;0.181487414802321
2023-09-08;0.674457799595932;1.20495034662552;0.0912838584194036
2023-09-09;0.357844714631968;2.38076730584098;0.0427623289449373
2023-09-10;0.125570435229039;3.43306091769194;0.0238391079244692
2023-09-11;0.0404898423796591;3.53670660831879;0.0182055848809441
2023-09-12;0.0194328462458714;3.17082992751799;0.0184064153790065
2023-09-13;0.808792766775786;0.181319777420632;0.124600741722635
2023-09-14;0.999198605469042;0.000785307825547532;0.13052272490879
2023-09-15;0.998088437556359;0.0031952429234865;0.0918209079548051
2023-09-16;0.919014371734767;0.140656667561325;0.0459853177589176
2023-09-17;0.344652573000674;1.50090599847656;0.0238678050880427
2023-09-18;0.973315705407212;0.0153120001125862;0.267937813422896
2023-09-19;0.997567706704886;0.00280614937146528;0.256515971891548
2023-09-20;0.998922302306009;0.00129230377319134;0.247784469189803
2023-09-21;1;0;0.306773798942519
2023-09-22;1;0;0.636253042157664
2023-09-23;1;0;0.830851044894231
2023-09-24;0.999253079684723;0.00133787993414947;0.758545096553968
2023-09-25;0.997803586088664;0.00619930022037041;0.646925303824016
2023-09-26;0.996967443140446;0.008490902488826;0.539132772923366
2023-09-27;0.996374015016774;0.0103757099043733;0.431085398813333
2023-09-28;0.997647720707463;0.0064959127353883;0.329632520698625
2023-09-29;0.998626772712029;0.00378100127601178;0.229998861524931
2023-09-30;0.999543961161708;0.000895145709891576;0.167286838302083
2023-10-01;0.850070082972829;0.41189420232748;0.0828878170907203
2023-10-02;0.435662758088505;1.55541148725085;0.0391020867452988
2023-10-03;0.160426536993626;2.19554170837632;0.0232764218576032
2023-10-04;0.842392091410838;0.0750660889726834;0.0691276341124765
2023-10-05;0.58870923824703;0.8441009065394;0.0305892626989172
2023-10-06;0.184777363419934;1.71502674738617;0.0230495745719443
2023-10-07;0.0634318142634242;2.68636466442548;0.0155145491974282
2023-10-08;3.18880880115971e-17;2.98583033233011;0.0145305976073975
2023-10-09;-8.77338684958444e-17;3.08631655495878;0.0136952115763531
2023-10-10;-3.84946017331669e-17;2.47325869996506;0.0135380874657887
2023-10-11;0;2.21401532304179;0.0134149441123262
2023-10-12;-5.10142394907468e-17;1.85202721427001;0.0139184768864891
2023-10-13;0.0143795129310607;1.71945403052369;0.0159105250600447
2023-10-14;0.330752153667219;0.792595445735404;0.0339908553903224
2023-10-15;0.507513759685187;0.582797770199555;0.0246891223530028
2023-10-16;0.173581078128603;0.963023015948724;0.0170320889786799
2023-10-17;0.000104819704732514;1.50774343078865;0.0166002634766132
2023-10-18;0.0355466973422821;0.912273382084675;0.0203118728239877
2023-10-19;0.976840658671941;0.00308849039207154;0.0886673383883543
2023-10-20;1;0;0.66352930162479
2023-10-21;1;0;0.741807500282261
2023-10-22;1;0;0.78122692688463
2023-10-23;0.999498898316547;0.000535096442130456;0.745164433523843
2023-10-24;1;0;1.24332091835171
2023-10-25;1;0;1.14310535911977
2023-10-26;1;0;1.09360841782228
2023-10-27;1;5.55111512312578e-17;1.22165300491805
2023-10-28;1;1.11022302462516e-16;1.12544608744988
2023-10-29;1;2.77555756156289e-17;1.09098891857385
2023-10-30;1;0;1.25276533073413
2023-10-31;1;0;1.24820283618093
2023-11-01;1;2.22044604925031e-16;1.10453406634546
2023-11-02;1;1.38777878078145e-17;1.2516731368822
2023-11-03;1;0;1.2457063559319
2023-11-04;1;0;1.14077249015031
2023-11-05;0.999777849503661;4.91366725869358e-05;1.20430455324674
2023-11-06;1;0;1.1448039398543
2023-11-07;1;5.55111512312578e-17;1.143520268261
2023-11-08;1;0;1.07917001064674
2023-11-09;1;0;1.06490518170357
2023-11-10;1;1.38777878078145e-17;1.1156486531918
2023-11-11;1;2.77555756156289e-17;1.080065600741
2023-11-12;1;0;1.04980509909726
2023-11-13;1;0;1.0166628818116
2023-11-14;1;0;0.991148347896182
2023-11-15;0.999439044753374;0.000186823941477121;0.966544909964098
2023-11-16;0.999750220189559;4.91829702535251e-05;0.949355218296004
2023-11-17;0.999943147592452;1.03458615614838e-05;0.943693078408468
2023-11-18;0.99976783873166;1.35705205733735e-05;0.933781361599146
2023-11-19;0.999617641377297;0.000122874860280286;0.915722646891562
2023-11-20;0.999654162802212;0.000103343522670996;0.898072059022294
2023-11-21;1;0;0.895468123792757
2023-11-22;0.999730355754791;3.33880441080181e-05;0.885798375260089
2023-11-23;0.999078171669672;0.000132991571303753;0.860578867898709
2023-11-24;1;0;0.85430924166393
2023-11-25;1;0;0.855831927158405
2023-11-26;1;0;0.855494002810479
2023-11-27;1;0;0.855899769855118
2023-11-28;1;0;0.866927070290888
2023-11-29;0.99979429170982;1.71604640987651e-06;0.863606712743569
2023-11-30;1;0;0.904129107916882
2023-12-01;0.999953581583487;1.50751649427138e-07;1.23307659296256
2023-12-02;1;0;1.23978321911
2023-12-03;1;0;1.12190965361683
2023-12-04;1;0;1.07754090711085
2023-12-05;1;0;1.05289788393499
2023-12-06;1;0;1.0283460454879
2023-12-07;1;0;1.00878691163995
2023-12-08;1;0;1.0078670801075
2023-12-09;1;0;1.01681838375389
2023-12-10;1;0;1.02435331197015
2023-12-11;1;0;1.0147325880647
2023-12-12;1;0;1.03340426678072
2023-12-13;1;0;1.22612055381961
2023-12-14;1;0;1.11708109220851
2023-12-15;1;0;1.0729654322363
2023-12-16;1;0;1.04320060282202
2023-12-17;1;0;1.0076533054981
2023-12-18;1;0;0.981129262753789
2023-12-19;1;0;0.959434226118357
2023-12-20;1;0;0.948602628525789
2023-12-21;1;0;0.943308468927211
2023-12-22;1;0;1.02933925878758
2023-12-23;1;0;1.02414978501374
2023-12-24;1;0;0.988064934990062
2023-12-25;1;0;0.959173575955165
2023-12-26;1;0;0.93552193160423
2023-12-27;1;0;0.926114231378647
2023-12-28;1;0;0.91839916835362
2023-12-29;1;0;0.9111704006491
2023-12-30;1;0;0.904477323417223
2023-12-31;1;0;1.01630630746091
2024-01-01;1;0;1.08642368460105
2024-01-02;1;0;1.07001009960629
2024-01-03;1;0;1.04482714562372
2024-01-04;1;0;1.0221797095129
2024-01-05;1;0;1.08771601313618
2024-01-06;1;0;1.25062078583444
2024-01-07;1;0;1.18503631823817
2024-01-08;1;0;1.10555532671604
2024-01-09;1;0;1.06567550716008
2024-01-10;1;0;1.03800623519329
2024-01-11;1;0;1.00278741207724
2024-01-12;1;0;0.971297822882923
2024-01-13;1;0;0.943234009885412
2024-01-14;1;0;0.932950665167681
2024-01-15;1;0;0.924638172831132
2024-01-16;1;0;0.916927552606728
2024-01-17;1;0;0.924219702490426
2024-01-18;1;0;1.00867588478586
2024-01-19;1;0;1.03438589305239
2024-01-20;1;0;1.02862186857445
2024-01-21;1;0;1.02208010346967
2024-01-22;1;0;1.01731150562986
2024-01-23;1;0;1.0006746237782
2024-01-24;1;0;0.98799098590259
2024-01-25;1;0;0.969496022217696
2024-01-26;1;0;0.939968631654188
2024-01-27;1;0;0.929908595133175
2024-01-28;1;0;0.911946348452748
2024-01-29;1;0;0.894857519194552
2024-01-30;1;0;0.87967557982414
2024-01-31;1;0;0.86344704031602
2024-02-01;1;0;0.867035166088564
2024-02-02;1;0;0.863118780131357
2024-02-03;1;0;0.837957560688801
2024-02-04;1;0;0.814168842583891
2024-02-05;1;0;0.790546606121652
2024-02-06;1;0;0.777336462875587
2024-02-07;1;0;0.769939144631587
2024-02-08;1;0;0.767833641269974
2024-02-09;1;0;0.958726729851617
2024-02-10;1;0;1.21178181403624
2024-02-11;1;0;1.21255628075497
2024-02-12;1;0;1.10404263157412
2024-02-13;1;0;1.06377631194435
2024-02-14;1;0;1.01204491722674
2024-02-15;1;0;0.994146327052813
2024-02-16;1;0;0.964083323288786
2024-02-17;1;0;0.936090420462079
2024-02-18;1;0;0.935361004045644
2024-02-19;1;0;0.925144163564814
2024-02-20;1;0;0.906830232440773
2024-02-21;1;0;0.899471555200284
2024-02-22;1;0;1.0154486883692
2024-02-23;1;0;1.24277419556178
2024-02-24;1;0;1.19614208690671
2024-02-25;1;0;1.20685459710767
2024-02-26;1;0;1.16137127205599
2024-02-27;1;0;1.24279895213045
2024-02-28;1;0;1.16167229725112
2024-02-29;1;0;1.12546364939265
2024-03-01;1;0;1.20113188007724
2024-03-02;1;0;1.15366968799744
2024-03-03;1;0;1.12207493781035
2024-03-04;1;0;1.08289267991952
2024-03-05;1;0;1.1483340928983
2024-03-06;1;0;1.22903711344004
2024-03-07;1;0;1.13163028285482
2024-03-08;1;0;1.15292458857061
2024-03-09;1;0;1.15262634816058
2024-03-10;1;0;1.24690651593789
2024-03-11;1;0;1.09455034841908
2024-03-12;1;0;1.01914568399533
2024-03-13;1;0;0.976324577411945
2024-03-14;1;0;0.93190818936344
2024-03-15;1;0;0.895261533040279
2024-03-16;1;0;0.869000815295719
2024-03-17;1;0;0.836196039167132
2024-03-18;1;0;0.849557596262013
2024-03-19;1;0;0.818594059293352
2024-03-20;1;0;0.793079446022377
2024-03-21;1;0;0.784339401358161
2024-03-22;1;0;0.756996520198501
2024-03-23;1;0;0.899621844833518
2024-03-24;1;0;0.874082731025831
2024-03-25;1;0;0.870877977835376
2024-03-26;1;0;0.95086615448149
2024-03-27;1;0;1.24711287701277
2024-03-28;1;0;1.20149402289646
2024-03-29;1;0;1.12069880086249
2024-03-30;1;0;1.12142793659831
2024-03-31;1;0;1.24371823964473
2024-04-01;1;0;1.24363876333435
2024-04-02;1;0;1.08480173774612
2024-04-03;1;0;1.10031775634956
2024-04-04;1;0;1.02266147809799
2024-04-05;1;0;0.960998877730271
2024-04-06;1;0;0.894780519470714
2024-04-07;1;0;0.832180712388622
2024-04-08;1;0;0.787241004794312
2024-04-09;1;0;0.810905281122789
2024-04-10;1;0;1.23567500757852
2024-04-11;1;0;1.05140217502047
2024-04-12;1;0;0.954493940687918
2024-04-13;1;0;0.87945757389754
2024-04-14;1;0;0.822466776444604
2024-04-15;1;0;0.84384900727797
2024-04-16;1;0;1.01495704793194
2024-04-17;1;0;1.02623046390367
2024-04-18;1;0;1.0429850523944
2024-04-19;1;0;1.03549861205917
2024-04-20;1;0;1.02444846032745
2024-04-21;1;0;1.1192755601015
2024-04-22;1;0;1.21198124060132
2024-04-23;1;0;1.19675159026487
2024-04-24;1;0;1.13482463121292
2024-04-25;1;0;1.09077284604282
2024-04-26;1;0;1.05796671235045
2024-04-27;1;0;1.03251034460033
2024-04-28;1;0;0.971436391306571
2024-04-29;1;0;0.895532634175916
2024-04-30;1;0;0.845930824151188
2024-05-01;1;0;0.95124505117005
2024-05-02;1;0;1.22211169085605
2024-05-03;1;0;1.1482542028089
2024-05-04;1;0;1.04245812012182
2024-05-05;0.996020278388891;0.00275854237390838;0.956948951434618
2024-05-06;1;0;1.0187716798088
2024-05-07;1;0;1.12676047913335
2024-05-08;1;0;1.10821659406135
2024-05-09;0.999369574370208;0.000927839866730951;1.01084415646109
2024-05-10;0.996153529191915;0.00706355015789661;0.902011589159243
2024-05-11;0.995493497487851;0.00926409754439916;0.799017053788163
2024-05-12;1;0;0.810417685677187
2024-05-13;1;0;0.986478795368906
2024-05-14;1;2.22044604925031e-16;1.01012253028681
2024-05-15;1;0;1.2261184267149
2024-05-16;1;0;1.25276533073413
2024-05-17;1;0;1.20501641486172
2024-05-18;1;0;1.10837693347673
2024-05-19;1;0;1.09152440829654
2024-05-20;1;8.88178419700125e-16;1.01724806186991
2024-05-21;1;0;1.24188046167424
2024-05-22;1;6.66133814775094e-16;1.12943487928211
2024-05-23;1;0;1.1453512199111
2024-05-24;1;0;1.12680996864185
2024-05-25;1;0;1.13794884633737
2024-05-26;0.999715955745974;0.000985275137428854;0.982823797460948
2024-05-27;1;0;1.01456826149184
2024-05-28;1;0;1.08297530730851
2024-05-29;0.999667582431491;0.000988597506163646;0.953993021050227
2024-05-30;1;0;1.19074510622792
2024-05-31;1;0;1.24180740877023
2024-06-01;1;0;1.07738565928512
2024-06-02;1;4.44089209850063e-16;1.02331211171391
2024-06-03;1;4.44089209850063e-16;1.04827600691255
2024-06-04;1;2.22044604925031e-16;1.0477791054414
2024-06-05;0.999985205708562;4.0893663574959e-05;0.977917093285158
2024-06-06;0.999906122498787;0.000232097568158451;0.935709728031948
2024-06-07;1;0;0.950652934156706
2024-06-08;1;0;1.00248699640114
2024-06-09;1;1.11022302462516e-16;1.1036175467074
2024-06-10;1;1.11022302462516e-16;1.24707200915477
2024-06-11;1;5.55111512312578e-17;1.17156501989271
2024-06-12;1;0;1.17584500215217
2024-06-13;1;0;1.12223626503046
2024-06-14;1;0;1.04017237311985
2024-06-15;1;1.11022302462516e-16;1.06416418055261
2024-06-16;1;0;1.09638185826969
2024-06-17;1;4.44089209850063e-16;1.0542349033315
2024-06-18;0.999354665669191;0.00267590647398475;0.889231791867713
2024-06-19;0.99574715260522;0.0229812080054765;0.678189309980689
2024-06-20;1;0;0.663679231006362
2024-06-21;1;0;0.769451962409417
2024-06-22;1;0;0.85278178562798
2024-06-23;1;0;0.940101904663237
2024-06-24;0.999192791999809;0.00207469954833783;0.883413260754325
2024-06-25;1;0;0.899687761430912
2024-06-26;1;0;0.90637490991197
2024-06-27;0.998938436479926;0.00372669730917208;0.802457681725823
2024-06-28;0.997425406045819;0.0113347805828861;0.647276043754535
2024-06-29;0.997358220002258;0.0117042874754816;0.498920748471253
2024-06-30;1;0;0.544233955152595
2024-07-01;1;0;0.943940577792558
2024-07-02;0.999031351782111;0.00279988744418391;0.83796414725597
2024-07-03;1;0;1.0465265443275
2024-07-04;0.999720333985963;0.000737259568413862;0.945365225834234
2024-07-05;0.999628303554184;0.00111812379792475;0.842125380146502
2024-07-06;0.999986599979223;2.76459658179462e-05;0.812470457819175
2024-07-07;1;0;1.0882356973414
2024-07-08;1;0;0.998850704558609
2024-07-09;0.99801125162588;0.00934500055803689;0.81040924442712
2024-07-10;0.99892608966082;0.00391878167199744;0.70657282135956
2024-07-11;1;0;0.696672740694661
2024-07-12;1;0;0.969068346871014
2024-07-13;1;2.22044604925031e-16;1.03286100082605
2024-07-14;0.99956804573866;0.00193295614630351;0.867684481760647
2024-07-15;0.998982264973341;0.0037699043169761;0.755016416457279
2024-07-16;0.999696689693336;0.000861057638163576;0.701838693543691
2024-07-17;0.99979004504408;0.000559077681506981;0.662268119523222
2024-07-18;0.999333749238656;0.00200558651100957;0.6029483587659
2024-07-19;1;0;0.688634665460995
2024-07-20;0.999820574367485;0.000373256368566111;0.684120374834486
2024-07-21;0.998898974667208;0.00365808367300602;0.610277094607705
2024-07-22;0.995636895241201;0.0177111137731023;0.462057701987067
2024-07-23;1;0;0.488701514045411
2024-07-24;0.997453851158215;0.00829203723439598;0.395279812702254
2024-07-25;0.996614465443855;0.0131477962881821;0.264844899132214
2024-07-26;0.998402270396775;0.00490935773002787;0.188491489162391
2024-07-27;1;0;0.167573634266944
2024-07-28;0.947185192753236;0.145428976868931;0.175838317529744
2024-07-29;0.806950192282839;0.761253792714283;0.0749452377457953
2024-07-30;0.283824660180803;3.44614201082891;0.0298002387557353
2024-07-31;0.148886821702521;3.94008997787931;0.0308166228369007
2024-08-01;0.401226352892188;2.08473237755346;0.0641729178251157
2024-08-02;0.52371304341254;1.64443215709226;0.0456523198153592
2024-08-03;0.219454273081497;2.93162050329356;0.0232900832713152
2024-08-04;0.492522108702984;1.06446291444531;0.0657382219950038
2024-08-05;0.636078230898471;0.936257177975155;0.0512679509484843
2024-08-06;0.52475367435956;1.26363712309312;0.0473893931365205
2024-08-07;0.621293938497943;0.865173003222699;0.0678423313816704
2024-08-08;0.323537854688775;2.87209583736425;0.0262109325888267
2024-08-09;0.16151778902073;2.73623789998599;0.0286397714315746
2024-08-10;0.13948571650832;2.90828143477205;0.0239686211612889
2024-08-11;0.073708371905189;3.89871550703204;0.0227879655036088
2024-08-12;0.0986756976992122;3.745591593949;0.0260188476005864
2024-08-13;0.256949271370346;2.5104892760523;0.0410855120280668
2024-08-14;0.373515904070963;1.99072412694466;0.0414495843565313
2024-08-15;0.138951611800343;3.88516443767609;0.0196714320132031
2024-08-16;0.196185756005926;2.55830784224738;0.0364199068246482
2024-08-17;0.423471164758212;1.49527135572697;0.0520109601611831
2024-08-18;1;0;0.234824622995315
2024-08-19;0.997257307580462;0.00412004821161127;0.220693223724506
2024-08-20;1;0;0.279056310831875
2024-08-21;0.99956167447938;0.000762645103065562;0.286016014364645
2024-08-22;0.999474615458967;0.000675224563816634;0.281840566870146
2024-08-23;0.995516785911703;0.0145561708621993;0.176665436413018
2024-08-24;0.946423015847025;0.158797833057299;0.0959922533484372
2024-08-25;0.812898109406819;0.446778872016415;0.10489695790616
2024-08-26;1;0;0.358757937207484
2024-08-27;0.998461662978761;0.00212787932930159;0.356988767228498
2024-08-28;0.996331480856043;0.0109041855354213;0.279242540295578
2024-08-29;0.97490150928675;0.0969129506041324;0.143345632080677
2024-08-30;0.823963633413251;0.542251645469658;0.0816846695947454
2024-08-31;0.746527225224843;0.565089518932945;0.0706834207263383
2024-09-01;0.716555681126429;0.581637868346258;0.0688862246207582
2024-09-02;0.655429839351732;0.800575509703344;0.0627302085207092
2024-09-03;0.734119629922413;0.479483008000019;0.0961488036467814
2024-09-04;0.848264682469319;0.333830459712902;0.0796795976864674
2024-09-05;1;0;0.288470717502363
2024-09-06;1;0;0.353354089835714
2024-09-07;0.99540970776345;0.011871670353151;0.258787942537611
2024-09-08;1;0;0.533020442668799
2024-09-09;1;0;1.24008303839157
2024-09-10;1;0;1.04097489057234
2024-09-11;1;0;1.13725820751657
2024-09-12;1;0;1.25276533073413
2024-09-13;1;0;1.08174549624011
2024-09-14;1;0;1.03347894923037
2024-09-15;0.998964137767597;0.00110457573139211;0.965409489618766
2024-09-16;1;0;0.949544640889247
2024-09-17;0.998938097555118;0.00186369737642833;0.896841555403289
2024-09-18;0.997586655811931;0.00609407943745532;0.78701023097143
2024-09-19;1;0;0.767561382327315
2024-09-20;0.99829292541322;0.00352942386267951;0.69201205465075
2024-09-21;0.99938584941633;0.0010465659384189;0.644073861125517
2024-09-22;0.999726213100472;0.000332336920669363;0.609269192804636
2024-09-23;1;0;0.637768532966327
2024-09-24;1;0;0.908604843528208
2024-09-25;1;0;0.936026939374847
2024-09-26;1;0;0.993434539816483
2024-09-27;1;0;1.17535332626948
2024-09-28;1;0;1.19024523578275
2024-09-29;1;2.22044604925031e-16;1.06381881119132
2024-09-30;0.999779317213808;0.000309402909135947;0.984314237918284
2024-10-01;0.999883821450698;0.000111776175815592;0.943033354589702
2024-10-02;1;0;1.02763762373886
2024-10-03;1;0;1.23880080292109
2024-10-04;1;0;1.22423554112778
2024-10-05;1;0;1.12040334986253
2024-10-06;1;0;1.0307321719331
2024-10-07;0.99962207189715;0.000537898525360125;0.956465229948293
2024-10-08;1;0;1.24448090751465
2024-10-09;1;4.16333634234434e-17;1.14157081027991
2024-10-10;1;0;1.24333481714883
2024-10-11;1;0;1.10688493664268
2024-10-12;1;0;1.04305022072556
2024-10-13;0.999292683134991;0.00108421429506822;0.95664976360824
2024-10-14;0.999617917071013;0.000378821475725433;0.908757212536865
2024-10-15;0.999862935019734;0.000177286209253724;0.88050430753808
2024-10-16;1;0;0.879836361834367
2024-10-17;0.999968103354164;1.26836402282726e-05;0.873904839688377
2024-10-18;1;0;1.19434718732621
2024-10-19;1;2.77555756156289e-17;1.15987142551352
2024-10-20;1;0;1.08173964402319
2024-10-21;0.999851978710738;0.000227705508914156;0.990553615604458
2024-10-22;0.999663478964362;0.00039003017438799;0.930073030143661
2024-10-23;1;0;1.13556535189616
2024-10-24;1;2.77555756156289e-17;1.11847861834391
2024-10-25;1;1.11022302462516e-16;1.06119987186095
2024-10-26;1;0;1.05849775767943
2024-10-27;0.999918933779528;8.76875673918587e-05;0.990206477730113
2024-10-28;0.999747814146379;0.000232533688226289;0.939221920415381
2024-10-29;0.99937802379598;0.000753381507700546;0.884869218846885
2024-10-30;0.999285516424553;0.00085089691439677;0.829592986862047
2024-10-31;0.998749030381919;0.00152884884302606;0.774287209706924
2024-11-01;0.998361209910683;0.00225293501528312;0.71305353345628
2024-11-02;0.998243007620085;0.00233217588467483;0.656124295949494
2024-11-03;0.998640021944525;0.00152175180968839;0.610724073364215
2024-11-04;0.998489405965128;0.0017676211422506;0.564153639287181
2024-11-05;0.99898796874713;0.00108917714891921;0.521035326337922
2024-11-06;0.998926545464073;0.0010855567849879;0.481261968504231
2024-11-07;0.999367519694503;0.00054964663934931;0.448515199484433
2024-11-08;0.999441423681497;0.000449123722542688;0.418129933783594
2024-11-09;0.999410474298883;0.000469158452213181;0.387805824422425
2024-11-10;0.999495746386354;0.000460610508548398;0.353473110861138
2024-11-11;0.999701853770891;0.000213471427729428;0.326880640727397
2024-11-12;0.999927658616825;4.1420321965302e-05;0.305642935416447
2024-11-13;1;0;0.309297037113566
2024-11-14;1;0;0.310027435405995
2024-11-15;0.999636817262652;0.000202506490818322;0.288476025350086
2024-11-16;0.999746718617602;0.000155414843785784;0.26544547836807
2024-11-17;0.99973258983122;0.000136734842645647;0.246710297801041
2024-11-18;0.999950696915781;1.98390976992036e-05;0.231642112067172
2024-11-19;1;0;0.223754600824214
2024-11-20;1;0;0.260932488370938
2024-11-21;1;0;0.348726833733194
2024-11-22;0.999933266774719;1.38958265021721e-06;0.358591791118866
2024-11-23;0.99990556889654;2.36181683613973e-06;0.358013439122391
2024-11-24;0.999844729726079;6.2978106758968e-06;0.353737189872312
2024-11-25;0.999967050316276;1.88038703022309e-06;0.351708805330918
2024-11-26;0.999984337933448;1.12147521182104e-06;0.352912456625228
2024-11-27;1;0;0.3761095533654
2024-11-28;1;0;0.382840627249276
2024-11-29;1;0;0.382452983617398
2024-11-30;0.999988649670739;1.56515402343488e-07;0.380500504707105
2024-12-01;0.999954335031647;1.09448965952136e-06;0.378952615547521
2024-12-02;1;0;0.379246827963861
2024-12-03;1;0;0.454805435494441
2024-12-04;1;0;0.489035786257942
2024-12-05;1;0;0.491718078297243
2024-12-06;1;0;0.511275774216418
2024-12-07;1;0;0.51404912431477
2024-12-08;1;0;0.686781717785657
2024-12-09;1;0;0.704905623288143
2024-12-10;1;0;0.713071493580516
2024-12-11;1;0;0.713100536192982
2024-12-12;1;0;0.707899756983624
2024-12-13;1;0;0.708091104786428
2024-12-14;1;0;0.723545940456028
2024-12-15;1;0;0.722944606040651
2024-12-16;1;0;0.72210901768922
2024-12-17;1;0;0.713644683603233
2024-12-18;1;0;0.704698425409202
2024-12-19;1;0;0.754707929925736
2024-12-20;1;0;0.824512313947962
2024-12-21;1;0;0.835466067856257
2024-12-22;1;0;0.847498562600977
2024-12-23;1;0;0.856562391084549
2024-12-24;1;0;0.854492780448662
2024-12-25;1;0;0.842822770986361
2024-12-26;1;0;0.832662800960145
2024-12-27;1;0;0.821416220369024
2024-12-28;1;0;0.811023936967159
2024-12-29;1;0;0.801325572838625
2024-12-30;1;0;0.793285837540605
2024-12-31;1;0;0.786294910554564
